Departamento;Nome da Unidade (a);Endereço;CEP;Características do Imóvel;Telefone;Fax;Horário de Atendimento;Email
ATIVIDADE DE LICITAÇÕES E CONTRATOS;Apoio;Rua João Diogo, 100 - Cidade Velha;66.015-160;PRÓPRIO;(91) 4006-3502;-;8:00 as 14:00;licitacao@mppa.mp.br
ATIVIDADE DE LICITAÇÕES E CONTRATOS;Assessoria/Chefe;Rua João Diogo, 100 - Cidade Velha;66.015-160;PRÓPRIO;(91) 4006-3402;-;8:00 as 14:00;-
ATIVIDADE DE LICITAÇÕES E CONTRATOS;Pregoeiros;Rua João Diogo, 100 - Cidade Velha;66.015-160;PRÓPRIO;(91) 4006-3503;-;8:00 as 14:00;-
 CENTRO DE APOIO OPERACIONAL AMBIENTAL;Assessor/Apoio;Rua João Diogo, 100 - Cidade Velha;66.015-160;PRÓPRIO;(91) 4006-3557;-;8:00 as 14:00;caoma@mppa.mp.br
CENTRO DE APOIO OPERACIONAL AMBIENTAL;Coordenadoria;Rua João Diogo, 100 - Cidade Velha;66.015-160;PRÓPRIO;(91) 4006-3509;-;8:00 as 14:00;-
CENTRO DE APOIO OPERACIONAL CÍVEL, PROCESSUAL E DO CIDADÃO;Apoio;Rua João Diogo, 100 - Cidade Velha;66.015-160;PRÓPRIO;(91) 4006-3504;-;8:00 as 14:00;-
CENTRO DE APOIO OPERACIONAL CÍVEL, PROCESSUAL E DO CIDADÃO;Assessor;Rua João Diogo, 100 - Cidade Velha;66.015-160;PRÓPRIO;(91) 4006-3605;-;8:00 as 14:00;caocivel@mppa.mp.br
 CENTRO DE APOIO OPERACIONAL CÍVEL, PROCESSUAL E DO CIDADÃO;Coordenadoria;Rua João Diogo, 100 - Cidade Velha;66.015-160;PRÓPRIO;(91) 4006-3696;-;8:00 as 14:00;-
CENTRO DE APOIO OPERACIONAL DA INFÂNCIA E JUVENTUDE;Apoio;Rua João Diogo, 100 - Cidade Velha;66.015-160;PRÓPRIO;(91) 4006-3606;-;8:00 as 14:00;caoinfancia@mppa.mp.br
CENTRO DE APOIO OPERACIONAL DA INFÂNCIA E JUVENTUDE;Assessoria;Rua João Diogo, 100 - Cidade Velha;66.015-160;PRÓPRIO;(91) 4006-3600;-;8:00 as 14:00;-
CENTRO DE APOIO OPERACIONAL DA INFÂNCIA E JUVENTUDE;Coordenadoria;Rua João Diogo, 100 - Cidade Velha;66.015-160;PRÓPRIO;(91) 4006-3507;-;8:00 as 14:00;-
 CENTRO DE APOIO OPERACIONAL DE DEFESA DO PATRIMÔNIO PÚBLICO E DE CONTROLE À SONEGAÇÃO FISCAL;Apoio;Rua João Diogo, 100 - Cidade Velha;-;PRÓPRIO;(91) 4006-3511;-;8:00 as 14:00;-
CENTRO DE APOIO OPERACIONAL DE DEFESA DO PATRIMÔNIO PÚBLICO E DE CONTROLE À SONEGAÇÃO FISCAL;Coordenadoria;Rua João Diogo, 100 - Cidade Velha;-;PRÓPRIO;(91) 4006-3570;-;8:00 as 14:00;-
CENTRO DE APOIO OPERACIONAL DE POLÍTICAS CRIMINAIS, EXECUÇÃO PENAL E CONTROLE EXTERNO DA ATIVIDADE POLICIAL;Apoio;Rua João Diogo, 100 - Cidade Velha;66.015-160;PRÓPRIO;(91) 4006-3505;-;8:00 as 14:00;caocriminal@mppa.mp.br
 CENTRO DE APOIO OPERACIONAL DE POLÍTICAS CRIMINAIS, EXECUÇÃO PENAL E CONTROLE EXTERNO DA ATIVIDADE POLICIAL;Assessoria;Rua João Diogo, 100 - Cidade Velha;66.015-160;PRÓPRIO;(91) 4006-3604;-;8:00 as 14:00;-
CENTRO DE APOIO OPERACIONAL DE POLÍTICAS CRIMINAIS, EXECUÇÃO PENAL E CONTROLE EXTERNO DA ATIVIDADE POLICIAL;Coordenadoria;Rua João Diogo, 100 - Cidade Velha;66.015-160;PRÓPRIO;(91) 4006-3603;-;8:00 as 14:00;-
CENTRO DE APOIO OPERACIONAL DOS DIREITOS HUMANOS;Assessor/Apoio;Rua João Diogo, 100 - Cidade Velha;66.015-160;PRÓPRIO;(91) 4006-3632;-;8:00 as 14:00;caoconstitucional@mppa.mp.br
 CENTRO DE APOIO OPERACIONAL DOS DIREITOS HUMANOS;Coordenadoria;Rua João Diogo, 100 - Cidade Velha;66.015-160;PRÓPRIO;(91) 4006-3508;-;8:00 as 14:00;-
CENTRO DE APOIO OPERACIONAL DOS DIREITOS SOCIAIS;Apoio;Rua João Diogo, 100 - Cidade Velha;66.015-160;PRÓPRIO;(91) 4006-3601 (91) 4006-3510;-;8:00 as 14:00;caods@mppa.mp.br
CENTRO DE APOIO OPERACIONAL DOS DIREITOS SOCIAIS;Assessoria;Rua João Diogo, 100 - Cidade Velha;66.015-160;PRÓPRIO;(91) 4006-3602;-;8:00 as 14:00;-
CENTRO DE APOIO OPERACIONAL DOS DIREITOS SOCIAIS;Coordenadoria;Rua João Diogo, 100 - Cidade Velha;66.015-160;PRÓPRIO;(91) 4006-3506;-;8:00 as 14:00;-
 CENTRO DE APOIO OPERACIONAL TÉCNICO;Coordenadoria;Rua João Diogo, 100 - Cidade Velha;66.015-160;PRÓPRIO;(91)4006-3577;-;8:00 as 14:00;-
CENTRO DE ESTUDOS E APERFEIÇOAMENTO FUNCIONAL (CEAF);Apoio;Rua João Diogo, 52 - Cidade Velha;66.015-160;PRÓPRIO;(91) 4006-3648 (91) 4006-3650;(91) 4006-3648;8:00 as 14:00;ceaf@mppa.mp.br
CENTRO DE ESTUDOS E APERFEIÇOAMENTO FUNCIONAL (CEAF);Assessoria;Rua João Diogo, 52 - Cidade Velha;66.015-160;PRÓPRIO;(91) 4006-3494;-;8:00 as 14:00;-
CENTRO DE ESTUDOS E APERFEIÇOAMENTO FUNCIONAL (CEAF);Diretoria;Rua João Diogo, 52 - Cidade Velha;66.015-160;PRÓPRIO;(91) 4006-3649;-;8:00 as 14:00;-
 CENTRO DE ESTUDOS E APERFEIÇOAMENTO FUNCIONAL (CEAF);Sala de Assessoria;Rua João Diogo, 100 - Cidade Velha;66.015-160;PRÓPRIO;(91) 4006-3406;-;8:00 as 14:00;-
COLÉGIO DE PROCURADORES DE JUSTIÇA;Plenário;Rua João Diogo, 100;66015-165;PRÓPRIO;(91) 4006-3583;-;8:00 as 14:00;colegio@mppa.mp.br
COLÉGIO DE PROCURADORES DE JUSTIÇA;Secretaria;Rua João Diogo, 100;66015-165;PRÓPRIO;(91) 4006-3628 (91) 4006-3642;-;8:00 as 14:00;colegio@mppa.mp.br
COMISSÃO DE CONTROLE INTERNO;Apoio;Rua João Diogo, 100 - Cidade Velha;66.015-160;PRÓPRIO;(91) 4006-3537;-;8:00 as 14:00;auditoria@mppa.mp.br
 COMISSÃO DE CONTROLE INTERNO;Assessores;Rua João Diogo, 100 - Cidade Velha;66.015-160;PRÓPRIO;(91) 4006-3500 (91) 4006-3538;-;8:00 as 14:00;-
COMISSÃO DE CONTROLE INTERNO;Auditor;Rua João Diogo, 100 - Cidade Velha;66.015-160;PRÓPRIO;(91) 4006-3591;-;8:00 as 14:00;-
COMISSÃO DE GESTÃO DE CONTRATOS E CONVÊNIOS;Apoio;Rua João Diogo, 100 - Cidade Velha;66.015-160;PRÓPRIO;(91) 4006-3579;-;8:00 as 14:00;gestaocontratos@mppa.mp.br
COMISSÃO DE GESTÃO DE CONTRATOS E CONVÊNIOS;Coordenador;Rua João Diogo, 100 - Cidade Velha;66.015-160;PRÓPRIO;(91) 4006-3492;-;8:00 as 14:00;-
 CONSELHO SUPERIOR;Assessoria;Rua João Diogo, 100;66015-165;PRÓPRIO;(91) 4006-3403;-;8:00 as 14:00;conselho@mppa.mp.br
CONSELHO SUPERIOR;Secretaria;Rua João Diogo, 100;66015-165;PRÓPRIO;(91) 4006-3588;-;8:00 as 14:00;conselho@mppa.mp.br
COORDENADORIA DE REGIÃO ADMINISTRATIVA - POLO BAIXO AMAZONAS;Coordenadoria - Santarém;Av.Mendonça Furtado,3991.Bairro Liberdade.;68.040-148;PRÓPRIO;(93) 3512-3400;-;8:00 as 14:00;mpsantarem@mppa.mp.br
COORDENADORIA DE REGIÃO ADMINISTRATIVA - POLO BAIXO AMAZONAS;Plantão - Coordenador;Av.Mendonça Furtado,3991.Bairro Liberdade.;68.040-148;PRÓPRIO;(93) 3512-3412;-;8:00 as 14:00;-
 COORDENADORIA DE REGIÃO ADMINISTRATIVA - POLO BELÉM II;Coordenadoria - Ananindeua;Rod. BR 316, S/Nº - Km 8;67.030-970;REGULARIZANDO;(91) 3239-4815;-;8:00 as 14:00;ananindeu@mppa.mp.br
COORDENADORIA DE REGIÃO ADMINISTRATIVA - POLO BELÉM II;Plantão;Rod. BR 316, S/Nº - Km 8;67.030-970;REGULARIZANDO;(91) 98871-2115 (91) 98871-2126;-;8:00 as 14:00;-
COORDENADORIA DE REGIÃO ADMINISTRATIVA - POLO MARAJÓ I;Coordenadoria - Soure;Primeira Rua, S/Nº- Bairro: Centro.;68.870-300;PJ no Fórum;(91) 3741-1515;-;8:00 as 14:00;mpsoure@mppa.mp.br
 COORDENADORIA DE REGIÃO ADMINISTRATIVA - POLO MARAJÓ II;Coordenadoria - Breves;Travessa Castilhos França,617 -Bairro: Centro, CEP: 68.800-300.;68.800-300;ALUGADO;(91) 3783-1599;-;8:00 as 14:00;mpbreves@mppa.mp.br
COORDENADORIA DE REGIÃO ADMINISTRATIVA - POLO NORDESTE I;Coordenadoria - Castanhal;Av. Presidente Vargas, 2638. Centro.;68.745-970;PRÓPRIO;(91) 3412-6107;-;8:00 as 14:00;mpcastanhal@mppa.mp.br
COORDENADORIA DE REGIÃO ADMINISTRATIVA - POLO NORDESTE I;Plantão Cível;Av. Presidente Vargas, 2638. Centro.;68.745-970;PRÓPRIO;(91) 3412-6102;-;8:00 as 14:00;-
 COORDENADORIA DE REGIÃO ADMINISTRATIVA - POLO NORDESTE I;Plantão Criminal;Av. Presidente Vargas, 2638. Centro.;68.745-970;PRÓPRIO;(91) 3412-6108;-;8:00 as 14:00;-
COORDENADORIA DE REGIÃO ADMINISTRATIVA - POLO NORDESTE II;Coordenadoria - Capanema;Av. Barão de Capanema, 1188. Centro.;68.700-970;PRÓPRIO;(91) 3462-2482;(91) 3462-2442;8:00 as 14:00;mpcapanema@mppa.mp.br
COORDENADORIA DE REGIÃO ADMINISTRATIVA - POLO NORDESTE II;Coordenadoria(Chefia de Apoio)-Capanema;Av. Barão de Capanema, 1188. Centro.;68.700-970;PRÓPRIO;(91) 3462-2442;-;8:00 as 14:00;-
 COORDENADORIA DE REGIÃO ADMINISTRATIVA - POLO NORDESTE III;Coordenadoria - Paragominas;Rua Eixo W I, S/Nº Bairro: Centro. Módulo II;68.625-970;PRÓPRIO;(91)3729-1783 (91) 3729-3820;-;8:00 as 14:00;mpparagominas@mppa.mp.br
COORDENADORIA DE REGIÃO ADMINISTRATIVA - POLO SUDESTE I;Coordenadoria -Marabá;Rua das Flores, S/Nº.Esquina com a Rod. Transamazônica. Bairro: Agrópolis do INCRA.;68.502-290;PRÓPRIO;(94) 3312-9936;-;8:00 as 14:00;maraba@mppa.mp.br
COORDENADORIA DE REGIÃO ADMINISTRATIVA - POLO SUDESTE II;Coordenadoria - Redenção;Av. Manoel Vicente Pereira, 385 -Centro: Parque dos burutis.;68.552-760;PRÓPRIO;(94) 3424-3577 (94)3424-3656;-;8:00 as 14:00;mpredencao@mppa.mp.br
 COORDENADORIA DE REGIÃO ADMINISTRATIVA - POLO SUDESTE III;Coordenadoria - Tucuruí;Rua Dom Cornélio Vermans, 559- Bairro: Santa Izabel.;68.458-400;LOCADO;(94) 3787-3204 (94) 3787-7554;-;8:00 as 14:00;mptucurui@mppa.mp.br
COORDENADORIA DE REGIÃO ADMINISTRATIVA - POLO SUDESTE IV;Coordenadoria - Parauapebas;Rua C, nº 1098 - Bairro da Cidade Nova - CEP 68.515-300;68.515-300;PRÓPRIO;(94) 3346-1664;-;8:00 as 14:00;mpparaoapebas@mppa.mp.br
COORDENADORIA DE REGIÃO ADMINISTRATIVA - POLO SUDOESTE I;Coordenadoria - Altamira;Av. Brigadeiro Eduardo Gomes, 2785 - Esplanada do Xingu;68.372-340;PRÓPRIO;(93) 3593-3729 (93) 3515-1998 (93) 3515-1696 (93) 3515-1744;-;8:00 as 14:00;mpaltamira@mppa.mp.br
 COORDENADORIA DE REGIÃO ADMINISTRATIVA - POLO SUDOESTE II;Coordenadoria - Itaituba;Av. Brigadeiro Haroldo Veloso, 436. Boa Esperança.;68.180-360;ALUGADO;(93) 3518-3099 (93) 3518-2123;-;8:00 as 14:00;mpitaituba@mppa.mp.br
COORDENADORIA DE REGIÃO ADMINISTRATIVA - POLO SUDOESTE II;Plantão - Coordenador;Av. Brigadeiro Haroldo Veloso, 436. Boa Esperança.;68.180-360;ALUGADO;(93) 9954-3211;-;8:00 as 14:00;-
COORDENADORIA DE REGIÃO ADMINISTRATIVA - POLO TOCANTINS;Coordenadoria - Abaetetuba;Av. São Paulo, 2072. Bairro : Aviação;68.440-300;PRÓPRIO;(91) 3751-1499 (91) 3751-1177;(91) 3751-2688;8:00 as 14:00;mpAbaetetuba@mppa.mp.br
 CORREGEDORIA GERAL DE JUSTIÇA;apoio da Corregedoria;Rua João Diogo, 100;66015-165;PRÓPRIO;(91) 4006-3435;-;8:00 as 14:00;corregedoria@mppa.mp.br
CORREGEDORIA GERAL DE JUSTIÇA;Assessoria da Corregedoria;Rua João Diogo, 100;66015-165;PRÓPRIO;(91) 4006-3405;-;8:00 as 14:00;corregedoria@mppa.mp.br
CORREGEDORIA GERAL DE JUSTIÇA;Comissão de Segurança Institucional do Ministério Público do Pará;Rua João Diogo, 100;66015-165;PRÓPRIO;(91) 4006-3405;-;8:00 as 14:00;adelio@mppa.mp.br
CORREGEDORIA GERAL DE JUSTIÇA;Inspeção;Rua João Diogo, 100;66015-165;PRÓPRIO;(91) 4006-3415;-;8:00 as 14:00;corregedoria@mppa.mp.br
 CORREGEDORIA GERAL DE JUSTIÇA;Movimentação na Carreira;Rua João Diogo, 100;66015-165;PRÓPRIO;(91) 4006-3436;-;8:00 as 14:00;corregedoria@mppa.mp.br
CORREGEDORIA GERAL DE JUSTIÇA;Promotores Assessores;Rua João Diogo, 100;66015-165;PRÓPRIO;(91) 4006-3430 (91) 4006-3433 (91) 4006-3434;(91) 4006-3560;8:00 as 14:00;corregedoria@mppa.mp.br
CORREGEDORIA GERAL DE JUSTIÇA;SEAPA/VISITA;Rua João Diogo, 100;66015-165;PRÓPRIO;(91) 4006-3466;-;8:00 as 14:00;seapa@mppa.mp.br
CORREGEDORIA GERAL DE JUSTIÇA;SIAMP;Rua João Diogo, 100;66015-165;PRÓPRIO;(91) 4006-3432;-;8:00 as 14:00;siamp@mppa.mp.br
 DEPARTAMENTO DE ADMINISTRAÇÃO;Apoio;Rua João Diogo, 100 - Cidade Velha;66.015-160;PRÓPRIO;(91) 4006-3491 (91) 4006-3580;-;8:00 as 14:00;adm@mppa.mp.br
DEPARTAMENTO DE ADMINISTRAÇÃO;Diretoria;Rua João Diogo, 100 - Cidade Velha;66.015-160;PRÓPRIO;(91) 4006-3490;-;8:00 as 14:00;-
DEPARTAMENTO DE ADMINISTRAÇÃO;Secretaria;Rua João Diogo, 100 - Cidade Velha;66.015-160;PRÓPRIO;(91) 4006-3489;-;8:00 as 14:00;-
DEPARTAMENTO DE ATIVIDADES JUDICIAIS;Diretoria;Rua Joaquim Távora, 509 - Cidade Velha;66.015-160;PRÓPRIO;(91) 4006-3517;-;8:00 as 14:00;-
 DEPARTAMENTO DE ATIVIDADES JUDICIAIS;Secretário;Rua Joaquim Távora, 509 - Cidade Velha;66.015-160;PRÓPRIO;(91) 4006-3519;(91) 4006-3519;8:00 as 14:00;ativjud@mppa.mp.br
DEPARTAMENTO DE INFORMÁTICA;Diretoria;Rua João Diogo, 100 - Cidade Velha;66.015-160;PRÓPRIO;(91) 4006-3482;-;8:00 as 14:00;-
DEPARTAMENTO DE INFORMÁTICA;Rede;Rua João Diogo, 100 - Cidade Velha;66.015-160;PRÓPRIO;(91) 4006-3412 (91) 4006-3974;-;8:00 as 14:00;-
DEPARTAMENTO DE INFORMÁTICA;Secretaria;Rua João Diogo, 100 - Cidade Velha;66.015-160;PRÓPRIO;(91) 4006-3480;-;8:00 as 14:00;informatica@mppa.mp.br
 DEPARTAMENTO DE INFORMÁTICA;Técnicos Rede;Rua João Diogo, 100 - Cidade Velha;66.015-160;PRÓPRIO;(91) 4006-3545 (91) 4006-3644;-;8:00 as 14:00;-
DEPARTAMENTO DE OBRAS E MANUTENÇÃO;Diretoria;Rua João Diogo, 100 - Cidade Velha;66.015-160;PRÓPRIO;(91) 4006-3459;-;8:00 as 14:00;-
DEPARTAMENTO DE OBRAS E MANUTENÇÃO;Secretaria;Rua João Diogo, 100 - Cidade Velha;66.015-160;PRÓPRIO;(91) 4006-3479;(91) 4006-3479;8:00 as 14:00;dom@mppa.mp.br
DEPARTAMENTO DE RECURSOS HUMANOS;Diretoria;Rua João Diogo, 100 - Cidade Velha;66.015-160;PRÓPRIO;(91) 4006-3637;-;8:00 as 14:00;-
 DEPARTAMENTO DE RECURSOS HUMANOS;Secretaria;Rua João Diogo, 100 - Cidade Velha;66.015-160;PRÓPRIO;(91) 4006-3471;(91) 4006-3590;8:00 as 14:00;drh@mppa.mp.br
DEPARTAMENTO FINANCEIRO;Apoio contábil;Rua João Diogo, 100 - Cidade Velha;66.015-160;PRÓPRIO;(91) 4006-3647;-;8:00 as 14:00;-
DEPARTAMENTO FINANCEIRO;Diretoria;Rua João Diogo, 100 - Cidade Velha;66.015-160;PRÓPRIO;(91) 4006-3460;-;8:00 as 14:00;-
DEPARTAMENTO FINANCEIRO;Secretaria;Rua João Diogo, 100 - Cidade Velha;66.015-160;PRÓPRIO;(91) 4006-3465;-;8:00 as 14:00;financeiro@mppa.mp.br
 DEPARTAMENTO MÉDICO E ODONTOLÓGICO - DMO;Geral;Av. 16 de Novembro, 130 - Cidade Velha;66.023-220;PRÓPRIO;(91) 3241-5666 (91) 3241-9214 (91) 3242-1249;-;8:00 as 14:00;dmo@mppa.mp.br
DIVISÃO DE ADMINISTRAÇÃO DE PESSOAL;Apoio;Rua João Diogo, 100 - Cidade Velha;66.015-160;PRÓPRIO;(91) 4006-3470 (91) 4006-3640;-;8:00 as 14:00;-
DIVISÃO DE ADMINISTRAÇÃO DE PESSOAL;Chefia;Rua João Diogo, 100 - Cidade Velha;66.015-160;PRÓPRIO;(91) 4006-3472;-;8:00 as 14:00;-
DIVISÃO DE ADMINISTRAÇÃO DE PESSOAL;Folha de Pagamento;Rua João Diogo, 100 - Cidade Velha;66.015-160;PRÓPRIO;(91) 4006-3473 (91) 4006-3641 (91) 4006-3608;-;8:00 as 14:00;-
 DIVISÃO DE ADMINISTRAÇÃO DE PESSOAL;Ponto Eletrônico;Rua João Diogo, 100 - Cidade Velha;66.015-160;PRÓPRIO;(91) 4006-3467;-;8:00 as 14:00;-
DIVISÃO DE ANÁLISE E PROGRAMAÇÃO;ÁREA FIM;Rua João Diogo, 100 - Cidade Velha;66.015-160;PRÓPRIO;(91) 4006-3688 (91) 4006-3424;-;8:00 as 14:00;-
DIVISÃO DE ANÁLISE E PROGRAMAÇÃO;ÁREA MEIO;Rua João Diogo, 100 - Cidade Velha;66.015-160;PRÓPRIO;(91) 4006-3483 (91) 4006-3546;-;8:00 as 14:00;-
DIVISÃO DE ANÁLISE E PROGRAMAÇÃO;Chefia;Rua João Diogo, 100 - Cidade Velha;66.015-160;PRÓPRIO;(91) 4006-3552;-;8:00 as 14:00;-
 DIVISÃO DE ANÁLISE E PROGRAMAÇÃO;GEDOC;Rua João Diogo, 100 - Cidade Velha;66.015-160;PRÓPRIO;(91) 4006-3410;-;8:00 as 14:00;dap@mppa.mp.br
DIVISÃO DE ANÁLISE E PROGRAMAÇÃO;SIMP;Rua João Diogo, 100 - Cidade Velha;66.015-160;PRÓPRIO;(91) 4006-3553;-;8:00 as 14:00;-
DIVISÃO DE APOIO AO USUÁRIO;Chefia;Rua João Diogo, 100 - Cidade Velha;66.015-160;PRÓPRIO;(91) 4006-3481;-;8:00 as 14:00;informatica@mppa.mp.br
DIVISÃO DE APOIO AO USUÁRIO;Laboratório;Rua João Diogo, 100 - Cidade Velha;66.015-160;PRÓPRIO;(91) 4006-3413;-;8:00 as 14:00;-
 DIVISÃO DE APOIO AO USUÁRIO;Técnicos;Rua João Diogo, 100 - Cidade Velha;66.015-160;PRÓPRIO;(91) 4006-3540;-;8:00 as 14:00;-
DIVISÃO DE ARQUITETURA;Apoio;Rua João Diogo, 100 - Cidade Velha;66.015-160;PRÓPRIO;(91) 4006-3431;-;8:00 as 14:00;arquitetura@mppa.mp.br
DIVISÃO DE ARQUITETURA;Chefia;Rua João Diogo, 100 - Cidade Velha;66.015-160;PRÓPRIO;(91) 4006-3452;-;8:00 as 14:00;-
DIVISÃO DE BIBLIOTECA;Chefia;Rua João Diogo, 100 - Cidade Velha;66.015-160;PRÓPRIO;(91) 4006-3573;-;8:00 as 14:00;-
DIVISÃO DE BIBLIOTECA;Processamento Técnico;Rua João Diogo, 100 - Cidade Velha;66.015-160;PRÓPRIO;(91) 4006-3522;-;8:00 as 14:00;-
 DIVISÃO DE BIBLIOTECA;Recepção;Rua João Diogo, 100 - Cidade Velha;66.015-160;PRÓPRIO;(91) 4006-3523;-;8:00 as 14:00;biblioteca@mppa.mp.br
DIVISÃO DE DESENVOLVIMENTO DE PESSOAL;Apoio;Rua João Diogo, 100 - Cidade Velha;66.015-160;PRÓPRIO;(91) 4006-3653 (91) 4006-3631;-;8:00 as 14:00;ddrh@mppa.mp.br
DIVISÃO DE DESENVOLVIMENTO DE PESSOAL;Chefia;Rua João Diogo, 100 - Cidade Velha;66.015-160;PRÓPRIO;(91) 4006-3532;(91) 4006-3631;8:00 as 14:00;-
DIVISÃO DE DESENVOLVIMENTO DE PESSOAL;Núcleo de Estágio;Rua João Diogo, 100 - Cidade Velha;66.015-160;PRÓPRIO;(91) 4006-3469;-;8:00 as 14:00;-
 DIVISÃO DE ENGENHARIA;Apoio;Rua João Diogo, 100 - Cidade Velha;66.015-160;PRÓPRIO;(91) 4006-3450 (91) 4006-3551;(91) 4006-3454;8:00 as 14:00;engenharia@mppa.mp.br
DIVISÃO DE ENGENHARIA;Chefia;Rua João Diogo, 100 - Cidade Velha;66.015-160;PRÓPRIO;(91) 4006-3454;-;8:00 as 14:00;-
DIVISÃO DE EXECUÇÃO FINANCEIRA;Apoio prestação contas;Rua João Diogo, 100 - Cidade Velha;66.015-160;PRÓPRIO;(91) 4006-3463;-;8:00 as 14:00;-
DIVISÃO DE EXECUÇÃO FINANCEIRA;Chefia;Rua João Diogo, 100 - Cidade Velha;66.015-160;PRÓPRIO;(91) 4006-3462;-;8:00 as 14:00;-
 DIVISÃO DE EXECUÇÃO ORÇAMENTÁRIA;Apoio;Rua João Diogo, 100 - Cidade Velha;66.015-160;PRÓPRIO;(91) 4006-3461;-;8:00 as 14:00;financeiro@mppa.mp.br
DIVISÃO DE EXECUÇÃO ORÇAMENTÁRIA;Chefia;Rua João Diogo, 100 - Cidade Velha;66.015-160;PRÓPRIO;(91) 4006-3464;-;8:00 as 14:00;-
DIVISÃO DE MATERIAL;Apoio;Rua João Diogo, 100 - Cidade Velha;66.015-160;PRÓPRIO;(91) 4006-3457 (91) 4006-3566 (91) 4006-3495;-;8:00 as 14:00;material@mppa.mp.br
DIVISÃO DE MATERIAL;Chefia;Rua João Diogo, 100 - Cidade Velha;66.015-160;PRÓPRIO;(91) 4006-3496;(91) 4006-3457;8:00 as 14:00;-
 DIVISÃO DE PATRIMÔNIO;Apoio;Rua João Diogo, 52 - Cidade Velha;66.015-160;PRÓPRIO;(91) 4006-3494;-;8:00 as 14:00;patrimonio@mppa.mp.br
DIVISÃO DE PATRIMÔNIO;Apoio/Manutenção;Rua João Diogo, 52 - Cidade Velha;66.015-160;PRÓPRIO;(91) 4006-3527;-;8:00 as 14:00;-
DIVISÃO DE PATRIMÔNIO;Chefia;Rua João Diogo, 52 - Cidade Velha;66.015-160;PRÓPRIO;(91) 4006-3493;-;8:00 as 14:00;-
DIVISÃO DE PROCESSOS CÍVEIS 1º GRAU;Apoio;Rua Joaquim Távora, 509 - Cidade Velha;66.015-160;PRÓPRIO;(91) 4006-3520 (91) 4006-3643;-;8:00 as 14:00;-
 DIVISÃO DE PROCESSOS CÍVEIS 1º GRAU;Chefia;Rua Joaquim Távora, 509 - Cidade Velha;66.015-160;PRÓPRIO;(91) 4006-3594;-;8:00 as 14:00;bouth@mppa.mp.br
DIVISÃO DE PROCESSOS CRIMINAIS 1º GRAU;Chefia;Rua Joaquim Távora, 509 - Cidade Velha;66.015-160;PRÓPRIO;(91) 4006-3595;-;8:00 as 14:00;-
DIVISÃO DE PROCESSOS CRIMINAIS 1º GRAU;Chefia;Rua Joaquim Távora, 509 - Cidade Velha;66.015-160;PRÓPRIO;(91) 4406-3521;-;8:00 as 14:00;dpe@mppa.mp.br
DIVISÃO DE PROCESSOS CRIMINAIS 2º GRAU;Apoio;Rua Joaquim Távora, 509 - Cidade Velha;66.015-160;PRÓPRIO;(91) 4006-3518;-;8:00 as 14:00;-
 DIVISÃO DE PROCESSOS CRIMINAIS 2º GRAU;Chefia;Rua Joaquim Távora, 509 - Cidade Velha;66.015-160;PRÓPRIO;(91) 4006-3630;-;8:00 as 14:00;-
DIVISÃO DE PROTOCOLO;Apoio;Rua João Diogo, 100 - Cidade Velha;66.015-160;PRÓPRIO;(91) 4006-3589 (91) 4006-3645 (91) 4006-3567;-;8:00 as 14:00;protocologeral@mppa.mp.br
DIVISÃO DE PROTOCOLO;Chefia;Rua João Diogo, 100 - Cidade Velha;66.015-160;PRÓPRIO;(91) 4006-3525;(91) 4006-3550;8:00 as 14:00;protocolo@mppa.mp.br
DIVISÃO DE PROTOCOLO;Correspondência;Rua João Diogo, 100 - Cidade Velha;66.015-160;PRÓPRIO;(91) 4006-3549;-;8:00 as 14:00;-
 DIVISÃO DE SERVIÇOS GERAIS;Chefia;Rua João Diogo, 100 - Cidade Velha;66.015-160;PRÓPRIO;(91) 4006-3497;-;8:00 as 14:00;-
GRUPO DE ATUAÇÃO ESPECIAL NO COMBATE AO CRIME ORGANIZADO (GAECO);Área Técnica;Av. 16 de Novembro, 418 - Cidade Velha;66.023-220;PRÓPRIO;(91) 3210-3544 (91) 3210-3543 (91) 3210-3547 (91) 3210-3550 (91) 3210-3549 (91) 3210-3548 (91) 3210-3504 (91) 3210-3505;-;8:00 as 14:00;-
GRUPO DE ATUAÇÃO ESPECIAL NO COMBATE AO CRIME ORGANIZADO (GAECO);Coordenador;Av. 16 de Novembro, 418 - Cidade Velha;66.023-220;PRÓPRIO;(91) 3210-3541;-;8:00 as 14:00;-
 GRUPO DE ATUAÇÃO ESPECIAL NO COMBATE AO CRIME ORGANIZADO (GAECO);Secretaria;Av. 16 de Novembro, 418 - Cidade Velha;66.023-220;PRÓPRIO;(91) 3210-3540;-;8:00 as 14:00;GAECO@mppa.mp.br
GRUPO DE ATUAÇÃO ESPECIAL NO COMBATE AO CRIME ORGANIZADO (GAECO)/NÚCLEO DE COMBATE À IMPROBIDADE E CORRUPÇÃO;PABX;Av. 16 de Novembro, 418 - Cidade Velha;66.023-220;PRÓPRIO;(91) 3210-3500;-;8:00 as 14:00;-
GRUPO TÉCNICO INTERDICIPLINAR;Contadores;Rua João Diogo, 100 - Cidade Velha;66.015-160;PRÓPRIO;(91) 4006-3515;-;8:00 as 14:00;supercao@mppa.mp.br
 GRUPO TÉCNICO INTERDICIPLINAR;Interdiciplinar;Rua João Diogo, 100 - Cidade Velha;66.015-160;PRÓPRIO;(91) 4006-3582;-;8:00 as 14:00;supercao@mppa.mp.br
GRUPO TÉCNICO INTERDICIPLINAR;Jurídico;Rua João Diogo, 100 - Cidade Velha;66.015-160;PRÓPRIO;(91) 4006-3672;-;8:00 as 14:00;supercao@mppa.mp.br
NÚCLEO DE COMBATE À IMPROBILIDADE E CORRUPÇÃO;Apoio;Av. 16 de Novembro, 418 - Cidade Velha;66.023-220;PRÓPRIO;(91) 3210-3526 (91) 3210-3525 (91) 3210-3533;-;8:00 as 14:00;-
NÚCLEO DE COMBATE À IMPROBILIDADE E CORRUPÇÃO;Assessores;Av. 16 de Novembro, 418 - Cidade Velha;66.023-220;PRÓPRIO;(91) 3210-3532 (91) 3210-3528;-;8:00 as 14:00;-
 NÚCLEO DE COMBATE À IMPROBILIDADE E CORRUPÇÃO;Coordenador;Av. 16 de Novembro, 418 - Cidade Velha;66.023-220;PRÓPRIO;(91) 3210-3527;-;8:00 as 14:00;-
NÚCLEO DE COMBATE À IMPROBILIDADE E CORRUPÇÃO;Copa;Av. 16 de Novembro, 418 - Cidade Velha;66.023-220;PRÓPRIO;(91) 3210-3531;-;8:00 as 14:00;-
NÚCLEO DE COMBATE À IMPROBILIDADE E CORRUPÇÃO;Sala de Multiuso;Av. 16 de Novembro, 418 - Cidade Velha;66.023-220;PRÓPRIO;(91) 3210-3529;-;8:00 as 14:00;-
NÚCLEO DE COMBATE À IMPROBILIDADE E CORRUPÇÃO;Sala de Reunião;Av. 16 de Novembro, 418 - Cidade Velha;66.023-220;PRÓPRIO;(91) 3210-3530;-;8:00 as 14:00;-
 NÚCLEO DO TERCEIRO SETOR;Coordenadoria;Rua Ângelo Custódio, 85;-;PRÓPRIO;(91) 3182-2310;-;8:00 as 14:00;-
NÚCLEO ELEITORAL;Coordenadoria;Av. Manoel Barata, 1289 - ICOARACI;-;PRÓPRIO;(91) 3218-7700 (91) 98829-7272;-;8:00 as 14:00;-
ÓRGÃO E SERVIÇOS DE APOIO ADMINISTRATIVO - AUDITÓRIO;Cabine de som;Rua João Diogo, 100 - Cidade Velha;66.015-160;PRÓPRIO;(91) 4006-3529;-;8:00 as 14:00;-
OUVIDORIA;Assessoria / Apoio;Rua João Diogo, 80;66015-165;PRÓPRIO;(91) 4006-3654 (91) 4006-3656;(91) 4006-3656;8:00 as 14:00;ouvidoria@mppa.mp.br
 OUVIDORIA;Gabinete do Ouvidor;Rua João Diogo, 80;66015-165;PRÓPRIO;(91) 4006-3652;-;8:00 as 14:00;ouvidoria@mppa.mp.br
PROCURADORES DE JUSTIÇA CÍVEL;1º PCJ Cível;Anexo I. Rua Ângelo Custódio, 35;66.023-390;REGULARIZANDO;(91) 3198-2600;-;8:00 as 14:00;santino@mppa.mp.br
PROCURADORES DE JUSTIÇA CÍVEL;2º PCJ Cível;Anexo I. Rua Ângelo Custódio, 35;66.023-390;REGULARIZANDO;(91) 3198-2491;-;8:00 as 14:00;mendonca@mppa.mp.br
PROCURADORES DE JUSTIÇA CÍVEL;3º PCJ Cível;Anexo I. Rua Ângelo Custódio, 35;66.023-390;REGULARIZANDO;(91) 3198-2515;-;8:00 as 14:00;barleta@mppa.mp.br
 PROCURADORES DE JUSTIÇA CÍVEL;4º PCJ Cível;Anexo I. Rua Ângelo Custódio, 35;66.023-390;REGULARIZANDO;(91) 3198-2463;-;8:00 as 14:00;falangola@mppa.mp.br
PROCURADORES DE JUSTIÇA CÍVEL;5º PCJ Cível;Anexo I. Rua Ângelo Custódio, 35;66.023-390;REGULARIZANDO;(91) 3198-2493;-;8:00 as 14:00;mariac@mppa.mp.br
PROCURADORES DE JUSTIÇA CÍVEL;6º PCJ Cível;Anexo I. Rua Ângelo Custódio, 35;66.023-390;REGULARIZANDO;(91) 3198-2507;-;8:00 as 14:00;mattos@mppa.mp.br
PROCURADORES DE JUSTIÇA CÍVEL;7º PCJ Cível;Anexo I. Rua Ângelo Custódio, 35;66.023-390;REGULARIZANDO;(91) 3198-2558;-;8:00 as 14:00;medrado@mppa.mp.br
 PROCURADORES DE JUSTIÇA CÍVEL;8º PCJ Cível;Anexo I. Rua Ângelo Custódio, 35;66.023-390;REGULARIZANDO;(91) 3198-2527;-;8:00 as 14:00;rosam@mppa.mp.br
PROCURADORES DE JUSTIÇA CÍVEL;9º PCJ Cível;Anexo I. Rua Ângelo Custódio, 35;66.023-390;REGULARIZANDO;(91) 3198-2505;-;8:00 as 14:00;leilam@mppa.mp.br
PROCURADORES DE JUSTIÇA CÍVEL;10º PCJ Cível;Anexo I. Rua Ângelo Custódio, 35;66.023-390;REGULARIZANDO;(91) 3198-2483;-;8:00 as 14:00;tereza@mppa.mp.br
PROCURADORES DE JUSTIÇA CÍVEL;11º PCJ Cível;Anexo I. Rua Ângelo Custódio, 35;66.023-390;REGULARIZANDO;(91) 3198-2476;-;8:00 as 14:00;tercia@mppa.mp.br
 PROCURADORES DE JUSTIÇA CÍVEL;12º PCJ Cível;Anexo I. Rua Ângelo Custódio, 35;66.023-390;REGULARIZANDO;(91) 3198-2487;-;8:00 as 14:00;sampaiofilho@mppa.mp.br
PROCURADORES DE JUSTIÇA CÍVEL;13º PCJ Cível;Anexo I. Rua Ângelo Custódio, 35;66.023-390;REGULARIZANDO;(91) 3198-2523;-;8:00 as 14:00;jorge@mppa.mp.br
PROCURADORES DE JUSTIÇA CÍVEL;14º PCJ Cível;Anexo I. Rua Ângelo Custódio, 35;66.023-390;REGULARIZANDO;(91) 3198-2489;-;8:00 as 14:00;velasco@mppa.mp.br
PROCURADORES DE JUSTIÇA CÍVEL;15º PCJ Cível;Anexo I. Rua Ângelo Custódio, 35;66.023-390;REGULARIZANDO;(91) 3198-2472;-;8:00 as 14:00;mariza@mppa.mp.br
 PROCURADORES DE JUSTIÇA CÍVEL;Assessoria;Anexo I. Rua Ângelo Custódio, 35;66.023-390;REGULARIZANDO;(91) 3198-2462;-;8:00 as 14:00;-
PROCURADORES DE JUSTIÇA CÍVEL;Assessoria;Anexo I. Rua Ângelo Custódio, 35;66.023-390;REGULARIZANDO;(91) 3198-2471;-;8:00 as 14:00;-
PROCURADORES DE JUSTIÇA CÍVEL;Assessoria;Anexo I. Rua Ângelo Custódio, 35;66.023-390;REGULARIZANDO;(91) 3198-2475;-;8:00 as 14:00;-
PROCURADORES DE JUSTIÇA CÍVEL;Assessoria;Anexo I. Rua Ângelo Custódio, 35;66.023-390;REGULARIZANDO;(91) 3198-2481;-;8:00 as 14:00;-
 PROCURADORES DE JUSTIÇA CÍVEL;Assessoria;Anexo I. Rua Ângelo Custódio, 35;66.023-390;REGULARIZANDO;(91) 3198-2486;-;8:00 as 14:00;-
PROCURADORES DE JUSTIÇA CÍVEL;Assessoria;Anexo I. Rua Ângelo Custódio, 35;66.023-390;REGULARIZANDO;(91) 3198-2488;-;8:00 as 14:00;-
PROCURADORES DE JUSTIÇA CÍVEL;Assessoria;Anexo I. Rua Ângelo Custódio, 35;66.023-390;REGULARIZANDO;(91) 3198-2490;-;8:00 as 14:00;-
PROCURADORES DE JUSTIÇA CÍVEL;Assessoria;Anexo I. Rua Ângelo Custódio, 35;66.023-390;REGULARIZANDO;(91) 3198-2492;-;8:00 as 14:00;-
 PROCURADORES DE JUSTIÇA CÍVEL;Assessoria;Anexo I. Rua Ângelo Custódio, 35;66.023-390;REGULARIZANDO;(91) 3198-2504;-;8:00 as 14:00;-
PROCURADORES DE JUSTIÇA CÍVEL;Assessoria;Anexo I. Rua Ângelo Custódio, 35;66.023-390;REGULARIZANDO;(91) 3198-2506;-;8:00 as 14:00;-
PROCURADORES DE JUSTIÇA CÍVEL;Assessoria;Anexo I. Rua Ângelo Custódio, 35;66.023-390;REGULARIZANDO;(91) 3198-2511;-;8:00 as 14:00;-
PROCURADORES DE JUSTIÇA CÍVEL;Assessoria;Anexo I. Rua Ângelo Custódio, 35;66.023-390;REGULARIZANDO;(91) 3198-2514;-;8:00 as 14:00;-
 PROCURADORES DE JUSTIÇA CÍVEL;Assessoria;Anexo I. Rua Ângelo Custódio, 35;66.023-390;REGULARIZANDO;(91) 3198-2522;-;8:00 as 14:00;-
PROCURADORES DE JUSTIÇA CÍVEL;Assessoria;Anexo I. Rua Ângelo Custódio, 35;66.023-390;REGULARIZANDO;(91) 3198-2526;-;8:00 as 14:00;-
PROCURADORES DE JUSTIÇA CÍVEL;Assessoria;Anexo I. Rua Ângelo Custódio, 35;66.023-390;REGULARIZANDO;(91) 3198-2630;-;8:00 as 14:00;-
PROCURADORES DE JUSTIÇA CRIMINAL;1º PCJ Criminal;Anexo I. Rua Ângelo Custódio, 35;66.023-390;REGULARIZANDO;(91) 3198-2517;-;8:00 as 14:00;claudio@mppa.mp.br
 PROCURADORES DE JUSTIÇA CRIMINAL;2º PCJ Criminal;Anexo I. Rua Ângelo Custódio, 35;66.023-390;REGULARIZANDO;(91) 3198-2519;-;8:00 as 14:00;luiz@mppa.mp.br
PROCURADORES DE JUSTIÇA CRIMINAL;3º PCJ Criminal;Anexo I. Rua Ângelo Custódio, 35;66.023-390;REGULARIZANDO;(91) 3198-2465;-;8:00 as 14:00;gmrocha@mppa.mp.br
PROCURADORES DE JUSTIÇA CRIMINAL;4º PCJ Criminal;Anexo I. Rua Ângelo Custódio, 35;66.023-390;REGULARIZANDO;(91) 3198-2495;-;8:00 as 14:00;francisco@mppa.mp.br
PROCURADORES DE JUSTIÇA CRIMINAL;5º PCJ Criminal;Anexo I. Rua Ângelo Custódio, 35;66.023-390;REGULARIZANDO;(91) 3198-2509;-;8:00 as 14:00;dulcelinda@mppa.mp.br
 PROCURADORES DE JUSTIÇA CRIMINAL;6º PCJ Criminal;Anexo I. Rua Ângelo Custódio, 35;66.023-390;REGULARIZANDO;(91) 3198-2470;-;8:00 as 14:00;"neves@mppa.mp.br
sergio@mppa.mp.br"
PROCURADORES DE JUSTIÇA CRIMINAL;7º PCJ Criminal;Anexo I. Rua Ângelo Custódio, 35;66.023-390;REGULARIZANDO;(91) 3198-2500;-;8:00 as 14:00;adelio@mppa.mp.br
PROCURADORES DE JUSTIÇA CRIMINAL;8º PCJ Criminal;Anexo I. Rua Ângelo Custódio, 35;66.023-390;REGULARIZANDO;(91) 3198-2529;-;8:00 as 14:00;almerindo@mppa.mp.br
PROCURADORES DE JUSTIÇA CRIMINAL;9º PCJ Criminal;Anexo I. Rua Ângelo Custódio, 35;66.023-390;REGULARIZANDO;(91) 3198-2513;-;8:00 as 14:00;ricardos@mppa.mp.br
 PROCURADORES DE JUSTIÇA CRIMINAL;10º PCJ Criminal;Anexo I. Rua Ângelo Custódio, 35;66.023-390;REGULARIZANDO;(91) 3198-2480;-;8:00 as 14:00;abucater@mppa.mp.br
PROCURADORES DE JUSTIÇA CRIMINAL;11º PCJ Criminal;Anexo I. Rua Ângelo Custódio, 35;66.023-390;REGULARIZANDO;(91) 3198-2521;-;8:00 as 14:00;mrbaia@mppa.mp.br
PROCURADORES DE JUSTIÇA CRIMINAL;12º PCJ Criminal;Anexo I. Rua Ângelo Custódio, 35;66.023-390;REGULARIZANDO;(91) 3198-2468;-;8:00 as 14:00;costa@mppa.mp.br
PROCURADORES DE JUSTIÇA CRIMINAL;13º PCJ Criminal;Anexo I. Rua Ângelo Custódio, 35;66.023-390;REGULARIZANDO;(91) 3198-2478;-;8:00 as 14:00;gilda@mppa.mp.br
 PROCURADORES DE JUSTIÇA CRIMINAL;14º PCJ Criminal;Anexo I. Rua Ângelo Custódio, 35;66.023-390;REGULARIZANDO;(91) 3198-2525;-;8:00 as 14:00;celiafilocreao@mppa.mp.br
PROCURADORES DE JUSTIÇA CRIMINAL;15º PCJ Criminal;Anexo I. Rua Ângelo Custódio, 35;66.023-390;REGULARIZANDO;(91) 3198-2474;-;8:00 as 14:00;candida@mppa.mp.br
PROCURADORES DE JUSTIÇA CRIMINAL;16º PCJ Criminal;Anexo I. Rua Ângelo Custódio, 35;66.023-390;REGULARIZANDO;(91) 3198-2485;-;8:00 as 14:00;mendo@mppa.mp.br
PROCURADORES DE JUSTIÇA CRIMINAL;Assessoria;Anexo I. Rua Ângelo Custódio, 35;66.023-390;REGULARIZANDO;(91) 3198-2409;-;8:00 as 14:00;-
 PROCURADORES DE JUSTIÇA CRIMINAL;Assessoria;Anexo I. Rua Ângelo Custódio, 35;66.023-390;REGULARIZANDO;(91) 3198-2464;-;8:00 as 14:00;-
PROCURADORES DE JUSTIÇA CRIMINAL;Assessoria;Anexo I. Rua Ângelo Custódio, 35;66.023-390;REGULARIZANDO;(91) 3198-2467;-;8:00 as 14:00;-
PROCURADORES DE JUSTIÇA CRIMINAL;Assessoria;Anexo I. Rua Ângelo Custódio, 35;66.023-390;REGULARIZANDO;(91) 3198-2469;-;8:00 as 14:00;-
PROCURADORES DE JUSTIÇA CRIMINAL;Assessoria;Anexo I. Rua Ângelo Custódio, 35;66.023-390;REGULARIZANDO;(91) 3198-2473;-;8:00 as 14:00;-
 PROCURADORES DE JUSTIÇA CRIMINAL;Assessoria;Anexo I. Rua Ângelo Custódio, 35;66.023-390;REGULARIZANDO;(91) 3198-2477;-;8:00 as 14:00;-
PROCURADORES DE JUSTIÇA CRIMINAL;Assessoria;Anexo I. Rua Ângelo Custódio, 35;66.023-390;REGULARIZANDO;(91) 3198-2479;-;8:00 as 14:00;-
PROCURADORES DE JUSTIÇA CRIMINAL;Assessoria;Anexo I. Rua Ângelo Custódio, 35;66.023-390;REGULARIZANDO;(91) 3198-2484;-;8:00 as 14:00;-
PROCURADORES DE JUSTIÇA CRIMINAL;Assessoria;Anexo I. Rua Ângelo Custódio, 35;66.023-390;REGULARIZANDO;(91) 3198-2494;-;8:00 as 14:00;-
 PROCURADORES DE JUSTIÇA CRIMINAL;Assessoria;Anexo I. Rua Ângelo Custódio, 35;66.023-390;REGULARIZANDO;(91) 3198-2503;-;8:00 as 14:00;-
PROCURADORES DE JUSTIÇA CRIMINAL;Assessoria;Anexo I. Rua Ângelo Custódio, 35;66.023-390;REGULARIZANDO;(91) 3198-2508;-;8:00 as 14:00;-
PROCURADORES DE JUSTIÇA CRIMINAL;Assessoria;Anexo I. Rua Ângelo Custódio, 35;66.023-390;REGULARIZANDO;(91) 3198-2512;-;8:00 as 14:00;-
PROCURADORES DE JUSTIÇA CRIMINAL;Assessoria;Anexo I. Rua Ângelo Custódio, 35;66.023-390;REGULARIZANDO;(91) 3198-2516;-;8:00 as 14:00;-
 PROCURADORES DE JUSTIÇA CRIMINAL;Assessoria;Anexo I. Rua Ângelo Custódio, 35;66.023-390;REGULARIZANDO;(91) 3198-2518;-;8:00 as 14:00;-
PROCURADORES DE JUSTIÇA CRIMINAL;Assessoria;Anexo I. Rua Ângelo Custódio, 35;66.023-390;REGULARIZANDO;(91) 3198-2520;-;8:00 as 14:00;-
PROCURADORES DE JUSTIÇA CRIMINAL;Assessoria;Anexo I. Rua Ângelo Custódio, 35;66.023-390;REGULARIZANDO;(91) 3198-2528;-;8:00 as 14:00;-
PROCURADORIA DE JUSTIÇA CÍVEL;Coordenadoria das Procuradorias de Justiça Cíveis;Anexo I. Rua Ângelo Custódio, 35;66.023-390;REGULARIZANDO;(91) 3198-2496 (91) 3198-2404;(91) 3198-2404;8:00 as 14:00;coordprocciv@mppa.mp.br
 PROCURADORIA DE JUSTIÇA CRIMINAL;Coordenadoria das Procuradorias de Justiça Criminal;Anexo I. Rua Ângelo Custódio, 35;66.023-390;REGULARIZANDO;(91) 3198-2531;(91) 3198-2675;8:00 as 14:00;coordproccrim@mppa.mp.br
PROCURADORIA GERAL DE JUSTIÇA;Assessoria de Cerimonial;Rua João Diogo, 100;66015-165;PRÓPRIO;(91) 4006-3417 (91) 4006-3416;(91) 3223-3585;8:00 as 14:00;cerimonialmp@mppa.mp.br
PROCURADORIA GERAL DE JUSTIÇA;Assessoria de Imprensa;Rua João Diogo, 100;66015-165;PRÓPRIO;(91) 4006-3586 (91) 4006-3487;-;8:00 as 14:00;imprensa@mppa.mp.br
 PROCURADORIA GERAL DE JUSTIÇA;Assessoria de Planejamento;Rua João Diogo, 100;66015-165;PRÓPRIO;(91) 4006-3445 (91) 4006-3446 (91) 4006-3639;-;8:00 as 14:00;planejamento@mppa.mp.br
PROCURADORIA GERAL DE JUSTIÇA;Assessoria Jurídica;Rua João Diogo, 100;66015-165;PRÓPRIO;(91) 4006-3427 (91) 4006-3425 (91) 4006-3512 (91) 4006-3428;-;8:00 as 14:00;assessoriajuridica@mppa.mp.br
PROCURADORIA GERAL DE JUSTIÇA;Chefia de Gabinete;Rua João Diogo, 100;66015-165;PRÓPRIO;(91) 4006-3411;-;8:00 as 14:00;"chefegab@mppa.mp.br
 pgj@mppa.mp.br"
PROCURADORIA GERAL DE JUSTIÇA;Gabinete Militar;Rua João Diogo, 100;66015-165;PRÓPRIO;(91) 4006-3414 (91) 4006-3660 (91) 4006-3658;-;8:00 as 14:00;promotoriamilitar@mppa.mp.br
PROCURADORIA GERAL DE JUSTIÇA;Secretaria Executiva (apoio PGJ);Rua João Diogo, 100;66015-165;PRÓPRIO;(91) 4006-3419 (91)4006-3422 (91) 4006-3423 (91) 4006-3581;(91) 3223-3585;8:00 as 14:00;falecomopgj@mppa.mp.br
PROMOTORIA DE JUSTIÇA DE 1ª ENTRÂNCIA;Eldorado dos Carajás;Rua Oziel Carneiro, S/N. Bairro KM2. CEP: 68524000 (Fórum);-;FÓRUM;(94) 3347-1100;-;8:00 as 14:00;mpfaro@mppa.mp.br
 PROMOTORIA MILITAR;Analista Jurídica;Av. 16 de Novembro, 486 - Cidade Velha, CEP 66.023-220;66.023-220;PRÓPRIO;(91) 3210-3505;-;8:00 as 14:00;-
PROMOTORIA MILITAR;Coordenador;Av. 16 de Novembro, 486 - Cidade Velha, CEP 66.023-220;66.023-220;PRÓPRIO;(91) 3210-3504;-;8:00 as 14:00;-
PROMOTORIAS DE ANANINDEUA (2ª ENTRÂNCIA);1º PJ Criminal (COORDENADORIA);Rod. BR 316, S/Nº - Km 8;67.030-970;REGULARIZANDO;(91) 3239-4840;-;8:00 as 14:00;-
PROMOTORIAS DE ANANINDEUA (2ª ENTRÂNCIA);1º PJ Cível;Rod. BR 316, S/Nº - Km 8;67.030-970;REGULARIZANDO;(91) 3239-4806 (91) 3239-4807;-;8:00 as 14:00;-
 PROMOTORIAS DE ANANINDEUA (2ª ENTRÂNCIA);1º PJ da INFÂNCIA e Juventude;Rod. BR 316, S/Nº - Km 8;67.030-970;REGULARIZANDO;(91) 3239-4820;-;8:00 as 14:00;-
PROMOTORIAS DE ANANINDEUA (2ª ENTRÂNCIA);1º PJ de Direitos Constitucionais Fundamentas, Defesa do PATRIMÔNIO PÚBLICO e da Moralidade Administrativa;Rod. BR 316, S/Nº - Km 8;67.030-970;REGULARIZANDO;(91) 3239-4803 (91) 3239-4914 (91) 3239-4915;-;8:00 as 14:00;-
PROMOTORIAS DE ANANINDEUA (2ª ENTRÂNCIA);1º PJ Direitos Humanos, Controle Externo da Atividade Policial e do Tribunal do Júri;Rod. BR 316, S/Nº - Km 8;67.030-970;REGULARIZANDO;(91) 3239-4844 (91) 3239-4845;-;8:00 as 14:00;-
 PROMOTORIAS DE ANANINDEUA (2ª ENTRÂNCIA);1º PJ do Meio Ambiente, PATRIMÔNIO Cultural e Urbanismo;Rod. BR 316, S/Nº - Km 8;67.030-970;REGULARIZANDO;(91) 3239-4825 (91) 3239-4826;-;8:00 as 14:00;-
PROMOTORIAS DE ANANINDEUA (2ª ENTRÂNCIA);2º PJ Criminal;Rod. BR 316, S/Nº - Km 8;67.030-970;REGULARIZANDO;(91) 3239-4808 (91) 3239-4833;-;8:00 as 14:00;-
PROMOTORIAS DE ANANINDEUA (2ª ENTRÂNCIA);2º PJ Cível;Rod. BR 316, S/Nº - Km 8;67.030-970;REGULARIZANDO;(91) 3239-4815 (91) 3239-4810;-;8:00 as 14:00;-
 PROMOTORIAS DE ANANINDEUA (2ª ENTRÂNCIA);2º PJ da INFÂNCIA e Juventude;Rod. BR 316, S/Nº - Km 8;67.030-970;REGULARIZANDO;(91) 3239-4819 (91) 3239-4828;-;8:00 as 14:00;-
PROMOTORIAS DE ANANINDEUA (2ª ENTRÂNCIA);2º PJ de Direitos Constitucionais Fundamentas, Defesa do PATRIMÔNIO PÚBLICO e da Moralidade Administrativa;Rod. BR 316, S/Nº - Km 8;67.030-970;REGULARIZANDO;(91) 3239-4816 (91) 3239-4918;-;8:00 as 14:00;-
PROMOTORIAS DE ANANINDEUA (2ª ENTRÂNCIA);2º PJ Direitos Humanos, Controle Externo da Atividade Policial e do Tribunal do Júri;Rod. BR 316, S/Nº - Km 8;67.030-970;REGULARIZANDO;(91) 3239-4835 (91) 3239-4902;-;8:00 as 14:00;-
 PROMOTORIAS DE ANANINDEUA (2ª ENTRÂNCIA);2º PJ do Meio Ambiente, PATRIMÔNIO Cultural e Urbanismo;Rod. BR 316, S/Nº - Km 8;67.030-970;REGULARIZANDO;(91) 3239-4809 (91) 3239-4913;-;8:00 as 14:00;mpananindeua@mppa.mp.br
PROMOTORIAS DE ANANINDEUA (2ª ENTRÂNCIA);3º PJ Criminal;Rod. BR 316, S/Nº - Km 8;67.030-970;REGULARIZANDO;(91) 3239-4829;-;8:00 as 14:00;-
PROMOTORIAS DE ANANINDEUA (2ª ENTRÂNCIA);3º PJ Cível;Rod. BR 316, S/Nº - Km 8;67.030-970;REGULARIZANDO;(91) 3239-4837;-;8:00 as 14:00;-
PROMOTORIAS DE ANANINDEUA (2ª ENTRÂNCIA);3º PJ da INFÂNCIA e Juventude;Rod. BR 316, S/Nº - Km 8;67.030-970;REGULARIZANDO;(91) 3239-4821;-;8:00 as 14:00;-
 PROMOTORIAS DE ANANINDEUA (2ª ENTRÂNCIA);4º PJ Criminal(VIOLÊNCIA DOMÉSTICA);Rod. BR 316, S/Nº - Km 8;67.030-970;REGULARIZANDO;(91) 3239-4843;-;8:00 as 14:00;-
PROMOTORIAS DE ANANINDEUA (2ª ENTRÂNCIA);4º PJ Cível;Rod. BR 316, S/Nº - Km 8;67.030-970;REGULARIZANDO;(91) 3239-4810;-;8:00 as 14:00;-
PROMOTORIAS DE ANANINDEUA (2ª ENTRÂNCIA);4º PJ da INFÂNCIA e Juventude;Rod. BR 316, S/Nº - Km 8;67.030-970;REGULARIZANDO;(91) 3239-4823 (91) 3239-4812;-;8:00 as 14:00;-
PROMOTORIAS DE ANANINDEUA (2ª ENTRÂNCIA);5º PJ Criminal;Rod. BR 316, S/Nº - Km 8;67.030-970;REGULARIZANDO;(91) 3239-4836 (91) 3239-4905;-;8:00 as 14:00;-
 PROMOTORIAS DE ANANINDEUA (2ª ENTRÂNCIA);6º PJ Criminal;Rod. BR 316, S/Nº - Km 8;67.030-970;REGULARIZANDO;(91) 3239-48;-;8:00 as 14:00;-
PROMOTORIAS DE ANANINDEUA (2ª ENTRÂNCIA);Ananindeua (Geral);Rod. BR 316, S/Nº - Km 8;67.030-970;REGULARIZANDO;(91) 3239-4800 (91) 3239-4803;-;8:00 as 14:00;mpananindeua@mppa.mp.br
PROMOTORIAS DE ANANINDEUA (2ª ENTRÂNCIA);Apoio Coordenação e Chefia Administrativa;Rod. BR 316, S/Nº - Km 8;67.030-970;REGULARIZANDO;(91) 3239-4841 (91) 3239-4842;-;8:00 as 14:00;-
PROMOTORIAS DE ANANINDEUA (2ª ENTRÂNCIA);Apoio INFÂNCIA e Juventude;Rod. BR 316, S/Nº - Km 8;67.030-970;REGULARIZANDO;(91) 3239-4818;-;8:00 as 14:00;-
 PROMOTORIAS DE ANANINDEUA (2ª ENTRÂNCIA);Apoio Meio Ambiente, Constitucional.;Rod. BR 316, S/Nº - Km 8;67.030-970;REGULARIZANDO;(91) 3239-4811;-;8:00 as 14:00;-
PROMOTORIAS DE ANANINDEUA (2ª ENTRÂNCIA);Apoio Promotorias de Familia, Idoso, Deficiente, Consumidor e Registros Públicos;Rod. BR 316, S/Nº - Km 8;67.030-970;REGULARIZANDO;(91) 3239-4805;-;8:00 as 14:00;-
PROMOTORIAS DE ANANINDEUA (2ª ENTRÂNCIA);Assistente Social;Rod. BR 316, S/Nº - Km 8;67.030-970;REGULARIZANDO;(91) 3239-4822 (91) 3239-4831;-;8:00 as 14:00;-
 PROMOTORIAS DE ANANINDEUA (2ª ENTRÂNCIA);Celulares de Plantão(Cível e Criminal);Rod. BR 316, S/Nº - Km 8;67.030-970;REGULARIZANDO;(91) 98871-2115 (91) 98871-2126;-;8:00 as 14:00;-
PROMOTORIAS DE ANANINDEUA (2ª ENTRÂNCIA);Copa(terreo e superior);Rod. BR 316, S/Nº - Km 8;67.030-970;REGULARIZANDO;(91) 3239-4836 (91) 3239-4817;-;8:00 as 14:00;-
PROMOTORIAS DE ANANINDEUA (2ª ENTRÂNCIA);CPD(Informática/Serviço de Manutenção);Rod. BR 316, S/Nº - Km 8;67.030-970;REGULARIZANDO;(91) 3239-4837;-;8:00 as 14:00;-
 PROMOTORIAS DE ANANINDEUA (2ª ENTRÂNCIA);Guarita/Guarda/Polícia Militar;Rod. BR 316, S/Nº - Km 8;67.030-970;REGULARIZANDO;(91) 3239-4802;-;8:00 as 14:00;-
PROMOTORIAS DE ANANINDEUA (2ª ENTRÂNCIA);Protocolo/Recepção;Rod. BR 316, S/Nº - Km 8;67.030-970;REGULARIZANDO;(91) 3239-4803;-;8:00 as 14:00;-
PROMOTORIAS DE ANANINDEUA (2ª ENTRÂNCIA);Psicóloga;Rod. BR 316, S/Nº - Km 8;67.030-970;REGULARIZANDO;(91) 3239-4824;-;8:00 as 14:00;-
PROMOTORIAS DE ANANINDEUA (2ª ENTRÂNCIA);Sala de chefia de apoio;Rod. BR 316, S/Nº - Km 8;67.030-970;REGULARIZANDO;(91) 3239-4841 (91) 3239-4842;-;8:00 as 14:00;-
 PROMOTORIAS DE ANANINDEUA (2ª ENTRÂNCIA);Sala dos Motoristas;Rod. BR 316, S/Nº - Km 8;67.030-970;REGULARIZANDO;(91) 3239-4846;-;8:00 as 14:00;-
PROMOTORIAS DE ANANINDEUA (2ª ENTRÂNCIA);Secretaria Criminal;Rod. BR 316, S/Nº - Km 8;67.030-970;REGULARIZANDO;(91) 3239-4830;-;8:00 as 14:00;-
PROMOTORIAS DE JUSTIÇA CÍVEIS;Coordenadoria das Promotorias de Justiça Cíveis;Anexo I. Rua Ângelo Custódio, 35;66.023-390;REGULARIZANDO;(91) 3198-2426;(91) 3198-2565;8:00 as 14:00;coordciv@mppa.mp.br
PROMOTORIAS DE JUSTIÇA CÍVEIS;Recepção;Anexo I. Rua Ângelo Custódio, 35;66.023-390;REGULARIZANDO;(91) 3198-2412 (91) 3198-2431;-;8:00 as 14:00;-
 PROMOTORIAS DE JUSTIÇA CRIMINAIS;Apoio;Anexo II. Av.16 de novembro, 50;66.023-220;PRÓPRIO;(91) 3198-2550;-;8:00 as 14:00;ccrim@mppa.mp.br
PROMOTORIAS DE JUSTIÇA CRIMINAIS;Chefia de Apoio;Anexo II. Av.16 de novembro, 50;66.023-220;PRÓPRIO;(91) 3198-2550;-;8:00 as 14:00;cregis@mppa.mp.br
PROMOTORIAS DE JUSTIÇA CRIMINAIS;Coordenadoria das Promotorias de Justiça Criminais;Anexo II. Av.16 de novembro, 50;66.023-220;PRÓPRIO;(91) 3198-2400 (91)3198-2550;(91) 3222-4528;8:00 as 14:00;ccrim@mppa.mp.br
PROMOTORIAS DE JUSTIÇA CRIMINAIS;Copas;Anexo II. Av.16 de novembro, 50;66.023-220;PRÓPRIO;(91) 3198-2546 (91) 3198-2603 (91) 3198-2623 (91) 3198-2765 (91) 3198-2764;-;8:00 as 14:00;-
 PROMOTORIAS DE JUSTIÇA CRIMINAIS;Plantão;Anexo II. Av.16 de novembro, 50;66.023-220;PRÓPRIO;(91) 98871-2099;-;8:00 as 14:00;-
PROMOTORIAS DE JUSTIÇA CRIMINAIS;Recepção;Anexo II. Av.16 de novembro, 50;66.023-220;PRÓPRIO;(91) 3198-2547 (91) 3198-2497;-;8:00 as 14:00;-
PROMOTORIAS DE JUSTIÇA CRIMINAIS;Sala dos Oficiais;Anexo II. Av.16 de novembro, 50;66.023-220;PRÓPRIO;(91) 3198-2544;-;8:00 as 14:00;-
PROMOTORIAS DE JUSTIÇA DA INFÂNCIA E JUVENTUDE;1º PJ;Rua Ângelo Custódio, 85;66.023-390;PRÓPRIO;(91) 3198-2737;-;8:00 as 14:00;mauricio@mppa.mp.br
 PROMOTORIAS DE JUSTIÇA DA INFÂNCIA E JUVENTUDE;2º PJ;Rua Ângelo Custódio, 85;66.023-390;PRÓPRIO;(91) 3198-2717;-;8:00 as 14:00;mlobato@mppa.mp.br
PROMOTORIAS DE JUSTIÇA DA INFÂNCIA E JUVENTUDE;3º PJ;Rua Ângelo Custódio, 85;66.023-390;PRÓPRIO;(91) 3198-2736;-;8:00 as 14:00;josejr@mppa.mp.br
PROMOTORIAS DE JUSTIÇA DA INFÂNCIA E JUVENTUDE;4º PJ;Rua Ângelo Custódio, 85;66.023-390;PRÓPRIO;(91) 3198-2703;-;8:00 as 14:00;-
PROMOTORIAS DE JUSTIÇA DA INFÂNCIA E JUVENTUDE;5º PJ;Rua Ângelo Custódio, 85;66.023-390;PRÓPRIO;(91) 3198-2745;-;8:00 as 14:00;rosilene@mppa.mp.br
 PROMOTORIAS DE JUSTIÇA DA INFÂNCIA E JUVENTUDE;6º PJ;Rua Ângelo Custódio, 85;66.023-390;PRÓPRIO;(91) 3198-2753;-;8:00 as 14:00;viviane@mppa.mp.br
PROMOTORIAS DE JUSTIÇA DA INFÂNCIA E JUVENTUDE;7º PJ;Rua Ângelo Custódio, 85;66.023-390;PRÓPRIO;(91) 3198-2712;-;8:00 as 14:00;leane@mppa.mp.br
PROMOTORIAS DE JUSTIÇA DA INFÂNCIA E JUVENTUDE;8º PJ;Rua Ângelo Custódio, 85;66.023-390;PRÓPRIO;(91) 3198-2710;-;8:00 as 14:00;nataniel@mppa.mp.br
PROMOTORIAS DE JUSTIÇA DA INFÂNCIA E JUVENTUDE;9º PJ;Rua Ângelo Custódio, 85;66.023-390;PRÓPRIO;(91) 3198-2734;-;8:00 as 14:00;menezes@mppa.mp.br
 PROMOTORIAS DE JUSTIÇA DA INFÂNCIA E JUVENTUDE;10º PJ;Rua Ângelo Custódio, 85;66.023-390;PRÓPRIO;(91) 3198-2708;-;8:00 as 14:00;monica@mppa.mp.br
PROMOTORIAS DE JUSTIÇA DA INFÂNCIA E JUVENTUDE;Analista;Rua Ângelo Custódio, 85;66.023-390;PRÓPRIO;(91) 3198-2702;-;8:00 as 14:00;-
PROMOTORIAS DE JUSTIÇA DA INFÂNCIA E JUVENTUDE;Analista;Rua Ângelo Custódio, 85;66.023-390;PRÓPRIO;(91) 3198-2705;-;8:00 as 14:00;-
PROMOTORIAS DE JUSTIÇA DA INFÂNCIA E JUVENTUDE;Analista;Rua Ângelo Custódio, 85;66.023-390;PRÓPRIO;(91) 3198-2709;-;8:00 as 14:00;-
 PROMOTORIAS DE JUSTIÇA DA INFÂNCIA E JUVENTUDE;Analista;Rua Ângelo Custódio, 85;66.023-390;PRÓPRIO;(91) 3198-2726;-;8:00 as 14:00;-
PROMOTORIAS DE JUSTIÇA DA INFÂNCIA E JUVENTUDE;Analista;Rua Ângelo Custódio, 85;66.023-390;PRÓPRIO;(91) 3198-2731;-;8:00 as 14:00;-
PROMOTORIAS DE JUSTIÇA DA INFÂNCIA E JUVENTUDE;Analista;Rua Ângelo Custódio, 85;66.023-390;PRÓPRIO;(91) 3198-2733;-;8:00 as 14:00;-
PROMOTORIAS DE JUSTIÇA DA INFÂNCIA E JUVENTUDE;Analista;Rua Ângelo Custódio, 85;66.023-390;PRÓPRIO;(91) 3198-2744;-;8:00 as 14:00;-
 PROMOTORIAS DE JUSTIÇA DA INFÂNCIA E JUVENTUDE;Analista;Rua Ângelo Custódio, 85;66.023-390;PRÓPRIO;(91) 3198-2752;-;8:00 as 14:00;-
PROMOTORIAS DE JUSTIÇA DA INFÂNCIA E JUVENTUDE;Analista;Rua Ângelo Custódio, 85;66.023-390;PRÓPRIO;(91) 3198-2754;-;8:00 as 14:00;-
PROMOTORIAS DE JUSTIÇA DA INFÂNCIA E JUVENTUDE;Analista;Rua Ângelo Custódio, 85;66.023-390;PRÓPRIO;(91) 3198-2756;-;8:00 as 14:00;-
PROMOTORIAS DE JUSTIÇA DA INFÂNCIA E JUVENTUDE;Apoio;Rua Ângelo Custódio, 85;66.023-390;PRÓPRIO;(91) 3198-2700 (91) 3198-2758 (91) 3198-2762 (91)3198-2761;-;8:00 as 14:00;-
 PROMOTORIAS DE JUSTIÇA DA INFÂNCIA E JUVENTUDE;Assistente Social;Rua Ângelo Custódio, 85;66.023-390;PRÓPRIO;(91) 3198-2728 (91) 3198-2713;-;8:00 as 14:00;-
PROMOTORIAS DE JUSTIÇA DA INFÂNCIA E JUVENTUDE;Chefia de Apoio;Rua Ângelo Custódio, 85;66.023-390;PRÓPRIO;(91) 3198-2748;-;8:00 as 14:00;-
PROMOTORIAS DE JUSTIÇA DA INFÂNCIA E JUVENTUDE;Pedagogos;Rua Ângelo Custódio, 85;66.023-390;PRÓPRIO;(91) 3198-2740;-;8:00 as 14:00;-
PROMOTORIAS DE JUSTIÇA DA INFÂNCIA E JUVENTUDE;Protocolo / Xerox;Rua Ângelo Custódio, 85;66.023-390;PRÓPRIO;(91) 3198-2760;-;8:00 as 14:00;-
 PROMOTORIAS DE JUSTIÇA DA INFÂNCIA E JUVENTUDE;Psicólogos;Rua Ângelo Custódio, 85;66.023-390;PRÓPRIO;(91) 3198-2719 (91) 3198-2741;-;8:00 as 14:00;-
PROMOTORIAS DE JUSTIÇA DA INFÂNCIA E JUVENTUDE;Recepção;Rua Ângelo Custódio, 85;66.023-390;PRÓPRIO;(91) 3198-2729;-;8:00 as 14:00;-
PROMOTORIAS DE JUSTIÇA DA INFÂNCIA E JUVENTUDE;Sala de Reunião;Rua Ângelo Custódio, 85;66.023-390;PRÓPRIO;(91) 3198-2730;-;8:00 as 14:00;-
PROMOTORIAS DE JUSTIÇA DA INFÂNCIA E JUVENTUDE;Sala dos Oficiais;Rua Ângelo Custódio, 85;66.023-390;PRÓPRIO;(91) 3198-2724;-;8:00 as 14:00;-
 PROMOTORIAS DE JUSTIÇA DE 1ª ENTRÂNCIA;Acará;"Rua Deodoro da Fonseca, 1930-Bairro: Centro(Fórum); SEDE/PJ - Av. Fernando Guilhon, S/Nº";68.690-300;FÓRUM;(91) 3732-1626 (91) 3732-1148;-;8:00 as 14:00;mpacara@mppa.mp.br
PROMOTORIAS DE JUSTIÇA DE 1ª ENTRÂNCIA;Afuá;Praça Albertina Braná, s/Nº -Bairro: Centro.;68.890-300;PRÓPRIO;(96) 3689-1332;-;8:00 as 14:00;mpafua@mppa.mp.br
PROMOTORIAS DE JUSTIÇA DE 1ª ENTRÂNCIA;Almeirim;Rodovia Almeirim Panaicá, 666-Bairro: Centro.;68.230-300;PRÓPRIO;(93) 3737-1228;-;8:00 as 14:00;mpalmeirim@mppa.mp.br
 PROMOTORIAS DE JUSTIÇA DE 1ª ENTRÂNCIA;Anajás;Av. Barão do Rio Branco, 19-Bairro: Centro.;68.810-300;FÓRUM;(91) 3605-1134;-;8:00 as 14:00;mpanajas@mppa.mp.br
PROMOTORIAS DE JUSTIÇA DE 1ª ENTRÂNCIA;Anapu;Sudoeste I Rua Goiás S/Nº Bairro: São Luiz, (FÓRUM).;68.365-300;FÓRUM;(91) 3694-1253;-;8:00 as 14:00;mpanapu@mppa.mr.br
PROMOTORIAS DE JUSTIÇA DE 1ª ENTRÂNCIA;Augusto Corrêa;Av. Magalhães Barata, s/Nº-Bairro: Santa Cruz (Fórum).;68.610-300;FÓRUM;(91) 3482-1269;-;8:00 as 14:00;mpaugustocorrea@mppa.mp.br
 PROMOTORIAS DE JUSTIÇA DE 1ª ENTRÂNCIA;Aurora do Pará;Rodovia Bernardo Sayão, 557-Bairro: Centro(Fórum).;68.658-300;FÓRUM;(91) 3802-1304;-;8:00 as 14:00;mpauroradopara@mppa.mp.br
PROMOTORIAS DE JUSTIÇA DE 1ª ENTRÂNCIA;Bagre;Av. Presidente Vargas, 93-Bairro: Centro(Casa do Termo judiciário).;68.475-300;FÓRUM;(91) 3606-1423;-;8:00 as 14:00;mpbagre@mppa.mp.br
PROMOTORIAS DE JUSTIÇA DE 1ª ENTRÂNCIA;Baião;Rua Getúlio Vargas, 139-Bairro: Centro;68.465-300;FÓRUM;(91) 3795-1175;-;8:00 as 14:00;mpbaiao@mppa.mp.br
 PROMOTORIAS DE JUSTIÇA DE 1ª ENTRÂNCIA;Bonito;Av. Charles Assad, s/Nº-Bairro: Centro (Fórum).;68.645-300;FÓRUM;(91) 3803-1166;-;8:00 as 14:00;mpbonito@mppa.mp.br
PROMOTORIAS DE JUSTIÇA DE 1ª ENTRÂNCIA;Brasil Novo;Rua do comércio, 1136-Bairro: Centro.;68.148-300;FÓRUM;(93) 3514-1102;-;8:00 as 14:00;mpbrasilnovo@mppa.mp.br
PROMOTORIAS DE JUSTIÇA DE 1ª ENTRÂNCIA;Breu Branco;Av. Belém, S/Nº - Bairro: Centro;68.800-300;FÓRUM;(94) 3786-1318;-;8:00 as 14:00;mpbreubranco@mppa.mp.br
PROMOTORIAS DE JUSTIÇA DE 1ª ENTRÂNCIA;Bujaru;Av. Beira Mar, 269 - Bairro: Centro.;68.670-300;FÓRUM;(91) 3746-1243;-;8:00 as 14:00;mpbujaru@mppa.mp.Br
 PROMOTORIAS DE JUSTIÇA DE 1ª ENTRÂNCIA;Cachoeira do Arari;Praça Matriz, s/Nº - Bairro: Centro(Fórum).;68.840-300;FÓRUM;(91) 3758-1120;-;8:00 as 14:00;mpcachoeiradoariri@mppa.mp.br
PROMOTORIAS DE JUSTIÇA DE 1ª ENTRÂNCIA;Canaã dos Carajás;"Rua João de Souza Ribeiro, lote 8 quadra 47; Bairro: Centro.";68.537-970;ALUGADO;(94) 3358-1393;-;8:00 as 14:00;mpcanaadoscarajas@mppa.mp.br
PROMOTORIAS DE JUSTIÇA DE 1ª ENTRÂNCIA;Capitão Poço;Av. 29 de Dezembro, 1746-Bairro: Centro(Fórum).;68.650-300;PRÓPRIO;(91) 3468-1356;-;8:00 as 14:00;mpcapitaopoco@mppa.mp.br
 PROMOTORIAS DE JUSTIÇA DE 1ª ENTRÂNCIA;Chaves;Av. Independência, 7-Bairro: Centro.;68.880-970;FÓRUM;(96) 3697-1320;-;8:00 as 14:00;mpchaves@mppa.mp.br
PROMOTORIAS DE JUSTIÇA DE 1ª ENTRÂNCIA;Colares;Rua Dr. Justo Chermont, 155-Bairro: Centro.;68.785-300;FÓRUM;(91) 3461-7180;-;8:00 as 14:00;mpcolares@mppa.mp.br
PROMOTORIAS DE JUSTIÇA DE 1ª ENTRÂNCIA;Concórdia do Pará;Av. Castelo Branco, 74-Bairro: Centro.;68.685-300;FÓRUM;(91) 3728-1436;-;8:00 as 14:00;mpconcordiadopara@mppa.mp.br
PROMOTORIAS DE JUSTIÇA DE 1ª ENTRÂNCIA;Curionópolis;Rua Jambo, s/Nº - Bairro: Centro(Ed. Fórum).;68.523-300;FÓRUM;(94) 3348-1416;-;8:00 as 14:00;josielgomes@mppa.mp.br
 PROMOTORIAS DE JUSTIÇA DE 1ª ENTRÂNCIA;Curralinho;Av. Floriano Peixoto, Quadra L, Lote1, 54 (Fórum)-Bairro: Centro.;68.815-300;FÓRUM;(91) 3633-1502;-;8:00 as 14:00;mpcurralinho@mppa.mp.br
PROMOTORIAS DE JUSTIÇA DE 1ª ENTRÂNCIA;Dom Eliseu;Rua Jequiá, 312-Bairro:Esplanada.;68.633-300;PRÓPRIO;(94) 3335-1166;-;8:00 as 14:00;mpdomeliseu@mppa.mp.br
PROMOTORIAS DE JUSTIÇA DE 1ª ENTRÂNCIA;Faro;Rua Dr. Dionísio Bentes, S/Nº - Bairro: Centro.;68.280-300;PRÓPRIO;(93) 3557-1119;-;8:00 as 14:00;mpfaro@mppa.mp.br
 PROMOTORIAS DE JUSTIÇA DE 1ª ENTRÂNCIA;Garrafão do Norte;Travessa Luiz Miranda, S/Nº -Bairro: Centro.;68.665-300;REGULARIZANDO;(91) 3434-4189;-;8:00 as 14:00;mpgarrafaodonorte@mppa.mp.br
PROMOTORIAS DE JUSTIÇA DE 1ª ENTRÂNCIA;Goianésia do Pará;Rua Nova Olinda, S/Nº-Bairro: Centro.;68300000;FÓRUM;(94) 3779-1148;-;8:00 as 14:00;mpgoianesiadopara@mppa.mp.br
PROMOTORIAS DE JUSTIÇA DE 1ª ENTRÂNCIA;Gurupá;Av. São Benedito, 240-Bairro: Centro.;68.300-300;FÓRUM;(91) 3692-1515;-;8:00 as 14:00;mpgurupa@mppa.mp.br
 PROMOTORIAS DE JUSTIÇA DE 1ª ENTRÂNCIA;Inhangapi;Rua Ernani Lameira, 42-Bairro: Centro.;68.770-300;FÓRUM;(91) 3809-1237;-;8:00 as 14:00;mpinhangapi@mppa.mp.br
PROMOTORIAS DE JUSTIÇA DE 1ª ENTRÂNCIA;Ipixuna do Pará;Trav. Padre José de Anchieta, S/Nº - Bairro: Centro. (FÓRUM);66.637-300;FÓRUM;(91) 3811-2629;-;8:00 as 14:00;mpipixunadopara@mppa.mp.br
PROMOTORIAS DE JUSTIÇA DE 1ª ENTRÂNCIA;Irituia;Rua Siqueira Campos, 28- Bairro: Centro.;68.180-360;FÓRUM;(91) 3443-1225;-;8:00 as 14:00;mpirituia@mppa.mp.br
 PROMOTORIAS DE JUSTIÇA DE 1ª ENTRÂNCIA;Itupiranga;Rua São Salvador, S/Nº - Bairro: Centro.;68.580-300;REGULARIZANDO;(94) 3333-1274;-;8:00 as 14:00;"mpitupiranga@mppa.mp.br
arlindo5@mppa.mp.br"
PROMOTORIAS DE JUSTIÇA DE 1ª ENTRÂNCIA;Jacareacanga;Av. Nova Avenida, S/Nº - Bairro: Bela Vista.;68.195-300;PRÓPRIO;(93) 3542-1311;-;8:00 as 14:00;mpjacareacanga@mppa.mp.br
PROMOTORIAS DE JUSTIÇA DE 1ª ENTRÂNCIA;Jacundá;Av. JK, 72 (Fórum)-Bairro: Centro.;68.590-300;PRÓPRIO;(94) 3345-1109 (94) 3345-1046;-;8:00 as 14:00;mpjacunda@mppa.mp.br
 PROMOTORIAS DE JUSTIÇA DE 1ª ENTRÂNCIA;Juruti;Travessa Boa Ventura Bentes, S/Nº -Bairro: Bom Pastro.;68.170-300;FÓRUM;(93) 3536-1797;-;8:00 as 14:00;mpjuruti@mppa.mp.br
PROMOTORIAS DE JUSTIÇA DE 1ª ENTRÂNCIA;Limoeiro do Ajuru;Rua Conceição, 231-Bairro: Centro.;68.415-300;FÓRUM;(91) 3636-1100;-;8:00 as 14:00;mplimoeirodoajuru@mppa.mp.br
PROMOTORIAS DE JUSTIÇA DE 1ª ENTRÂNCIA;Magalhães Barata;Rua Fortunato Silva, S/Nº -Bairro: Centro.;68.110-300;FÓRUM;(91) 3812-3143;-;8:00 as 14:00;mpmagalhesbarata@mppa.mp.br
 PROMOTORIAS DE JUSTIÇA DE 1ª ENTRÂNCIA;Medicilândia;Rua 12 de Maio, 1041-Bairro: Centro.;68.145-300;FÓRUM;(93) 3531-1199;-;8:00 as 14:00;mpmedicilandia@mppa.mp.br
PROMOTORIAS DE JUSTIÇA DE 1ª ENTRÂNCIA;Melgaço;Avenida 12 de outubro, 336-Bairro: Centro.;68.490-300;FÓRUM;(91) 3637-1174;-;8:00 as 14:00;mpmelgaco@mppa.mp.br
PROMOTORIAS DE JUSTIÇA DE 1ª ENTRÂNCIA;Mocajuba;Trav. 7 de setembro, S/Nº-Bairro: Centro.;68.420-300;FÓRUM;(91) 3796-1188;-;8:00 as 14:00;mpmocajuba@mppa.mp.br
PROMOTORIAS DE JUSTIÇA DE 1ª ENTRÂNCIA;Nova Timboteua;Av. Barão do Rio Branco, 283- Bairro: Centro.;68.730-300;FÓRUM;(91) 3469-1142;-;8:00 as 14:00;mpnovatimboteua@mppa.mp.br
 PROMOTORIAS DE JUSTIÇA DE 1ª ENTRÂNCIA;Novo Progresso;Rua do Cachimbo, 381-Bairro: Jardim Planalto.;68.193-300;FÓRUM;(93) 3528-0710;-;8:00 as 14:00;mpnovoprogresso@mppa.mp.br
PROMOTORIAS DE JUSTIÇA DE 1ª ENTRÂNCIA;Novo Repartimento;Av. Cupuaçu, S/Nº-Bairro: Morumbi.;68.473-300;FÓRUM;(94) 3785-3599;-;8:00 as 14:00;mpnovorepartimento@mppa.mp.br
PROMOTORIAS DE JUSTIÇA DE 1ª ENTRÂNCIA;Oeiras do Pará;Travessa Veiga Cabral, 540-Bairro: Centro.;68.470-300;FÓRUM;(91) 3661-1508;-;8:00 as 14:00;mpoeirasdopara@mppa.mp.br
 PROMOTORIAS DE JUSTIÇA DE 1ª ENTRÂNCIA;Ourém;Av. Ângelo Movette, 155 - Bairro: Centro.;68.640-300;FÓRUM;(91) 3467-1220;-;8:00 as 14:00;mpourem@mppa.mp.br
PROMOTORIAS DE JUSTIÇA DE 1ª ENTRÂNCIA;Ourilândia do Norte;Rua 10, Quadra 22 S/Nº- Setor 2-Bairro: Bela Vista.;68.390-300;PRÓPRIO;(94) 3434-1178;-;8:00 as 14:00;mpourilandiadonorte@mppa.mp.br
PROMOTORIAS DE JUSTIÇA DE 1ª ENTRÂNCIA;Pacajá;Rua Inês Soares, S/Nº- Bairro: Centro.;68.485-300;FÓRUM;(91) 3798-1280;-;8:00 as 14:00;mppacaja@mppa.mp.br
PROMOTORIAS DE JUSTIÇA DE 1ª ENTRÂNCIA;Peixe-Boi;Av. João Gomes Pedrosa, nº 775-Bairro: Centro.;68.734-300;FÓRUM;(91) 3821-1293;-;8:00 as 14:00;mppeixeboi@mppa.mp.br
 PROMOTORIAS DE JUSTIÇA DE 1ª ENTRÂNCIA;Portel;Av. Augusto Montenegro, nº 510-Bairro: Mangueirão.;68.480-300;PRÓPRIO;(91) 3784-1297;-;8:00 as 14:00;mpportel@mppa.mp.br
PROMOTORIAS DE JUSTIÇA DE 1ª ENTRÂNCIA;Porto de Moz;Rua 19 de Novembro, nº 1646 -Bairro:Centro.;68.330-300;FÓRUM;(93) 3793-1818;-;8:00 as 14:00;mpportodemoz@mppa.mp.br
PROMOTORIAS DE JUSTIÇA DE 1ª ENTRÂNCIA;Prainha;Rua Barão do Rio Branco. S/Nº-Bairro: Centro.;68.130-300;FÓRUM;(93) 3534-1134;-;8:00 as 14:00;mpprainha@mppa.mp.br
PROMOTORIAS DE JUSTIÇA DE 1ª ENTRÂNCIA;Primavera;"Av. General Moura Carvalho, S/Nº-Bairro:Centro; Cep:68.707-300";68.707-300;FÓRUM;(91) 3481-1255;-;8:00 as 14:00;mpprimavera@mppa.mp.br
 PROMOTORIAS DE JUSTIÇA DE 1ª ENTRÂNCIA;Rurópolis;Rua José Rodrigues da Costa, 557 -Bairro: Centro.;68.165-300;FÓRUM;(93) 3543-1100;-;8:00 as 14:00;mpruropolis@mppa.mp.br
PROMOTORIAS DE JUSTIÇA DE 1ª ENTRÂNCIA;Salvaterra;Av. Victor Engelhard, 1123-Bairro: Centro.;68.860-300;FÓRUM;(91) 3765-1159;-;8:00 as 14:00;mpsalvaterra@mppa.mp.br
PROMOTORIAS DE JUSTIÇA DE 1ª ENTRÂNCIA;Santa Bárbara do Pará (PJ de Benevides cumulando o cargo de PJ de Santa Bárbara;Rua João Fanjas, S/Nº-Bairro: Centro.;68.795-300;FÓRUM;(91) 3724-4876;-;8:00 as 14:00;mpsantabarbara@mppa.mp.br
 PROMOTORIAS DE JUSTIÇA DE 1ª ENTRÂNCIA;Santa Cruz do Arari;Rua Benjamin Genoso, 200. Bairro: Centro.;68.000-300;FÓRUM;(91) 3658-2196;-;8:00 as 14:00;mpsantacruzdoarari@mppa.mp.br
PROMOTORIAS DE JUSTIÇA DE 1ª ENTRÂNCIA;Santa Luzia do Pará;Travessa Bruno Alves, S/Nº -Bairro: Centro.;68.644-30;FÓRUM;(91) 3445-1313;-;8:00 as 14:00;mpsantaluziadopara@mppa.mp.br
PROMOTORIAS DE JUSTIÇA DE 1ª ENTRÂNCIA;Santa Maria do Pará;Av. Bernardo Sayão, S/Nº-Bairro: Centro.;68.738-300;FÓRUM;(91) 3442-1176;-;8:00 as 14:00;mpsantamariadopara@mppa.mp.br
 PROMOTORIAS DE JUSTIÇA DE 1ª ENTRÂNCIA;Santana do Araguaia;Praça dos 3 poderes, Av. Gilberto Carvelle (Ed. Fórum). Bairro: Centro.;68.560-300;FÓRUM;(94) 3431-1498;-;8:00 as 14:00;mpsantanadoaraguaia@mppa.mp.br
PROMOTORIAS DE JUSTIÇA DE 1ª ENTRÂNCIA;Santarém Novo;Av. Francisco Martins Oliveira, S/Nº -Bairro: Centro.;68.720-300;FÓRUM;(91) 3484-1209;-;8:00 as 14:00;mpsantaremnovo@mppa.mp.br
PROMOTORIAS DE JUSTIÇA DE 1ª ENTRÂNCIA;Santo Antônio do Tauá;Av. Senador Antônio Lemos, S/Nº -Bairro: Centro. (OBS: Endereço provisório -> Rua Sebastião Dantas, 490, Centro, CEP: 66760-300);68.786-300;FÓRUM;(91) 3775-1245;-;8:00 as 14:00;mpsantoantoniodotaua@mppa.mp.br
 PROMOTORIAS DE JUSTIÇA DE 1ª ENTRÂNCIA;São Caetano de Odivelas;Av. São benedito, S/Nº- Bairro: Centro.;68.775-300;FÓRUM;(91) 3767-1139;-;8:00 as 14:00;mpsaocaetanodeodivelas@mppa.mp.br
PROMOTORIAS DE JUSTIÇA DE 1ª ENTRÂNCIA;São Domingos do Araguaia;Av. Jarbas Passarinho, 241, Bairro: Centro.;68.520-300;FÓRUM;(94) 3332-1206;-;8:00 as 14:00;mpsaodomingosdoaraguaia@mppa.mp.br
PROMOTORIAS DE JUSTIÇA DE 1ª ENTRÂNCIA;São Domingos do Capim;Av. Magalhães Barata, nº5 - Centro;68.635-300;PRÓPRIO;(91) 3483-1459;-;8:00 as 14:00;"mpsaodomingosdecapim@mppa.mp.br
 renatav@mppa.mp.br"
PROMOTORIAS DE JUSTIÇA DE 1ª ENTRÂNCIA;São Félix do Xingu;Trav. Estevão Tavares da Silveira, 86-Bairro: Triunfo (Ed. Fórum);68.380-300;FÓRUM;(94) 3435-1277;-;8:00 as 14:00;mpsaofelixdoxingu@mppa.mp.br
PROMOTORIAS DE JUSTIÇA DE 1ª ENTRÂNCIA;São Francisco do Pará;Rua Celso Machado, S/Nº-Bairro: Centro(Ed. Fórum);68.748-300;FÓRUM;(91) 3774-1184;-;8:00 as 14:00;mpsaofranciscodopara@mppa.mp.br
PROMOTORIAS DE JUSTIÇA DE 1ª ENTRÂNCIA;São Geraldo do Araguaia;Lote nº 02, Quadra nº 14-A, Setor 1º - Centro;68.570-300;PRÓPRIO;(94) 3331-1110;-;8:00 as 14:00;agenorandrade@mppa.mp.br
 PROMOTORIAS DE JUSTIÇA DE 1ª ENTRÂNCIA;São João de Pirabas;Travessa da Glória 331- Bairro: Centro.;68.719-300;FÓRUM;(91) 3449-1106;-;8:00 as 14:00;mppirabas@mppa.mp.br.
PROMOTORIAS DE JUSTIÇA DE 1ª ENTRÂNCIA;São João do Araguaia;Praça José Martins Ferreira, S/Nº Bairro: Bela Vista.;68.518-300;FÓRUM;(94) 3379-1223;-;8:00 as 14:00;mpsaojoaodoaraguaia@mppa.mp.br
PROMOTORIAS DE JUSTIÇA DE 1ª ENTRÂNCIA;São Sebastião da Boa Vista;Av. das Acácias, s/Nº-Bairro: Aeroporto.;68.820-300;PRÓPRIO;(91) 3764-1107;-;8:00 as 14:00;mpsaosebastiaodaboavista@mppa.mp.br
 PROMOTORIAS DE JUSTIÇA DE 1ª ENTRÂNCIA;Senador José Porfírio;Rua 13 de Maio, s/Nº-Bairro: Centro.;68.360-300;FÓRUM;(91) 3556-1571;-;8:00 as 14:00;mpsenadorjoseporfirio@mppa.mp.br
PROMOTORIAS DE JUSTIÇA DE 1ª ENTRÂNCIA;Tailândia;Avenida Belém, 8-Bairro: Centro.;68.695-300;REGULARIZANDO;(91) 3752-1325 (91) 3752-2660;-;8:00 as 14:00;mptailandia@mppa.mp.br
PROMOTORIAS DE JUSTIÇA DE 1ª ENTRÂNCIA;Terra Santa;Travessa Santa Terezinha, S/Nº - Bairro: Centro.;68.285-300;FÓRUM;(93) 3538-1554;-;8:00 as 14:00;mpterrasanta@mppa.mp.br
 PROMOTORIAS DE JUSTIÇA DE 1ª ENTRÂNCIA;Ulianópolis;"Av do Contorno, S/Nº; Bairro: Caminho das Árvores.";68.632-300;FÓRUM;(91) 3726-2183;-;8:00 as 14:00;mpulianopolis@mppa.mp.br
PROMOTORIAS DE JUSTIÇA DE 1ª ENTRÂNCIA;Uruará;Rua Marquês de Tamandaré, S/Nº - Bairro: Migrante.;68.140-300;FÓRUM;(93) 3532-1530;-;8:00 as 14:00;mpuruara@mppa.mp.br
PROMOTORIAS DE JUSTIÇA DE 2ª ENTRÂNCIA;Abaetetuba;Av. São Paulo, 2072. Bairro : Aviação;68.440-300;PRÓPRIO;(91) 3751-1499 (91) 3751-1177 (91) 3751-2688;-;8:00 as 14:00;mpAbaetetuba@mppa.mp.br
 PROMOTORIAS DE JUSTIÇA DE 2ª ENTRÂNCIA;Alenquer;Trav. Santo Antônio, S/Nº. São Sebastião (Ed. Fórum).;68.200-300;PRÓPRIO;(93) 3526-1121;-;8:00 as 14:00;mpalenquer@mppa.mp.br
PROMOTORIAS DE JUSTIÇA DE 2ª ENTRÂNCIA;Altamira;Av. Brigadeiro Eduardo Gomes, 2785 - Esplanada do Xingu;68.372-305;PRÓPRIO;(93) 3593-3729 (93) 3515-1998 (93) 3515-1696 (93) 3515-1744;-;8:00 as 14:00;-
PROMOTORIAS DE JUSTIÇA DE 2ª ENTRÂNCIA;Barcarena;Rua Cantídio Nunes, S/Nº. Betânia.;68.445-300;REGULARIZANDO;(91) 3753-1442 (91) 3753-2907;-;8:00 as 14:00;mpbarcarena@mppa.mp.br
 PROMOTORIAS DE JUSTIÇA DE 2ª ENTRÂNCIA;Benevides;Rua João Franjas, S/Nº. Centro.;68.795-300;CEDIDO;(91) 3724-1408;-;8:00 as 14:00;mpbenevides@mppa.mp.br
PROMOTORIAS DE JUSTIÇA DE 2ª ENTRÂNCIA;Bragança;Rua Dr. Roberto, S/Nº. Alegre.;68.600-300;REGULARIZANDO;(91) 3425-1498 (91) 3425-1342;-;8:00 as 14:00;mpbraganca@mppa.mp.br
PROMOTORIAS DE JUSTIÇA DE 2ª ENTRÂNCIA;Breves;Travessa Castilhos França,617 -Bairro: Centro, CEP: 68.800-300.;68.800-300;ALUGADO;(91) 3783-1599;-;8:00 as 14:00;mpbreves@mppa.mp.br
 PROMOTORIAS DE JUSTIÇA DE 2ª ENTRÂNCIA;Cametá;Rua Trilha da Juventude s/Nº-Bairro: Centro.;68.400-300;FÓRUM;(91) 3781-1274;-;8:00 as 14:00;mpcameta@mppa.mp.br
PROMOTORIAS DE JUSTIÇA DE 2ª ENTRÂNCIA;Canaã dos Carajás;"Rua Manaus, Qd. 04, Lote 02, Bairro; Vale dos Sonhos, CEP: 68.537-300";-;ALUGADO;(94) 3358-1393;-;8:00 as 14:00;mpcanaadoscarajas@mppa.mp.br
PROMOTORIAS DE JUSTIÇA DE 2ª ENTRÂNCIA;Capanema;Av. Barão de Capanema, 1188. Centro.;68.700-970;PRÓPRIO;(91) 3462-2482 (91) 3462-2442 (91) 98871-2129;-;8:00 as 14:00;mpcapanema@mppa.mp.br
 PROMOTORIAS DE JUSTIÇA DE 2ª ENTRÂNCIA;Capanema;Av. Barão de Capanema, 1188. Centro.;68.700-970;PRÓPRIO;(91) 98871-2129;-;8:00 as 14:00;-
PROMOTORIAS DE JUSTIÇA DE 2ª ENTRÂNCIA;Capitão Poço;Av. 29 de Dezembro, 1746-Bairro: Centro.;68.650-300;PRÓPRIO;(91) 3468-1356;-;8:00 as 14:00;mpcapitaopoco@mppa.mp.br
PROMOTORIAS DE JUSTIÇA DE 2ª ENTRÂNCIA;Conceição do Araguaia;Av.Couto Magalhães, 2476. Bairro: Centro (sede provisória);68.540-300;PRÓPRIO;(94) 3421-1197 (94) 3421-2278;-;8:00 as 14:00;mpconceicaodoaraguaia@mppa.mp.br
 PROMOTORIAS DE JUSTIÇA DE 2ª ENTRÂNCIA;Curuçá;Rua Gonçalo Ferreira, 384-Bairro:Centro;68.750-300;PRÓPRIO;(91) 3722-1331;-;8:00 as 14:00;mpcuruca@mppa.mp.br
PROMOTORIAS DE JUSTIÇA DE 2ª ENTRÂNCIA;Igarapé-Açu;Av. Magalhães Barata, 1880-Bairro: Centro;68.725-300;PRÓPRIO;(91) 3441-1981;-;8:00 as 14:00;mpigarapeacu@mppa.mp.br
PROMOTORIAS DE JUSTIÇA DE 2ª ENTRÂNCIA;Igarapé-Miri;Rua Lauro Sodré, 845-Bairro: Centro.;68.430-300;ALUGADO;(91) 3755-1127 (91) 3755-2711;-;8:00 as 14:00;mpigarapemiri@mppa.mp.br
 PROMOTORIAS DE JUSTIÇA DE 2ª ENTRÂNCIA;Itaituba;Av. Brigadeiro Haroldo Veloso, 436-Bairro: Boa Esperança.;68.180-360;ALUGADO;(93) 3518-3099 (93) 3518-2123;-;8:00 as 14:00;mpitaituba@mppa.com.br
PROMOTORIAS DE JUSTIÇA DE 2ª ENTRÂNCIA;Mãe do Rio;Rua Alfredo Chaves, 610-Bairro: Centro (Ed. Fórum);68.675-300;PRÓPRIO;(91) 3444-1443;-;8:00 as 14:00;mpmãedorio@mppa.mp.br
PROMOTORIAS DE JUSTIÇA DE 2ª ENTRÂNCIA;Maracanã;Trav. Olavo Nunes, 34-Bairro: Centro.;68.710-300;PRÓPRIO;(91) 3448-1286;-;8:00 as 14:00;mpmaracana@mppa.mp.br
 PROMOTORIAS DE JUSTIÇA DE 2ª ENTRÂNCIA;Marapanim;Rua Diniz Botelho, 1722-Bairro: Centro(Ed. Fórum).;68.760-300;PRÓPRIO;(91) 3723-1181;-;8:00 as 14:00;mpmarapanim@mppa.mp.br
PROMOTORIAS DE JUSTIÇA DE 2ª ENTRÂNCIA;Moju;Praça do Estudante, 80-Bairro: Centro (Ed. Fórum).;68.450-300;FÓRUM;(91) 3756-1219;-;8:00 as 14:00;mpmoju@mppa.mp.br
PROMOTORIAS DE JUSTIÇA DE 2ª ENTRÂNCIA;Monte Alegre;Praça Dionísio Bentes, s/Nº -Bairro: Cidade alta (Ed. Fórum).;68.220-300;FÓRUM;(93) 3533-1123;-;8:00 as 14:00;mpmontealegre@mppa.mp.br
 PROMOTORIAS DE JUSTIÇA DE 2ª ENTRÂNCIA;Monte Dourado;Rua988, Casa 99 -Bairro: Staff.;68.240-300;FÓRUM;(91) 3735-2451;-;8:00 as 14:00;mpalmeirim@mppa.mp.br
PROMOTORIAS DE JUSTIÇA DE 2ª ENTRÂNCIA;Muaná;Rua Coronel Rodrigues Lopes de Azevedo, 306-Bairro: Centro.;68.825-300;PRÓPRIO;(91) 3494-1188;-;8:00 as 14:00;mpmuana@mppa.mp.br
PROMOTORIAS DE JUSTIÇA DE 2ª ENTRÂNCIA;Óbidos;Praça Barão do Rio Branco, s/Nº -Bairro: Centro(Ed. Fórum).;68.250-300;PRÓPRIO;(93) 3547-1168 (93) 3547-1155;-;8:00 as 14:00;mpobidos@mppa.mp.br
 PROMOTORIAS DE JUSTIÇA DE 2ª ENTRÂNCIA;Oriximiná;Trav. Carlos Maria Teixeira, 754-Bairro: Centro(Ed. Fórum).;68.270-300;FÓRUM;(93) 3544-1677;-;8:00 as 14:00;mporiximina@mppa.mp.br
PROMOTORIAS DE JUSTIÇA DE 2ª ENTRÂNCIA;Paragominas;Rua Eixo W I, S/Nº Bairro: Centro.;68.625-970;REGULARIZANDO;(91) 3729-1783 (91) 3729-3820;-;8:00 as 14:00;mpparagominas@mppa.mp.br
PROMOTORIAS DE JUSTIÇA DE 2ª ENTRÂNCIA;Parauapebas;Rua C, LOTES 07 e 08, Quadra 37, S/Nº-Bairro: Cidade Nova, CEP 68.515-300;68.515-300;PRÓPRIO;(94) 3346-1664 (94) 3346-6131 (94) 3346-2415 (94) 3346-1184;-;8:00 as 14:00;mpparauapebas@mppa.mp.br
 PROMOTORIAS DE JUSTIÇA DE 2ª ENTRÂNCIA;Plantão - Coordenador;Av. Brigadeiro Haroldo Veloso, 436-Bairro: Boa Esperança;68.180-360;ALUGADO;(93) 9954-3211;-;8:00 as 14:00;-
PROMOTORIAS DE JUSTIÇA DE 2ª ENTRÂNCIA;Ponta de Pedras;Alameda Tabelião José Luiz Tavares Malato, nº 223 -Bairro: Centro;68.830-300;PRÓPRIO;(91) 3777-1548;-;8:00 as 14:00;mppontadepedras@mppa.mp.br
PROMOTORIAS DE JUSTIÇA DE 2ª ENTRÂNCIA;Redenção;Rua Vicente Pereira,lote 20 Bairro: Parque dos Buritis.;68550-300;PRÓPRIO;(94) 3424-3656 (94) 3424-3577 (94) 3424-3913;-;8:00 as 14:00;monicamiranda@mppa.mp.br
 PROMOTORIAS DE JUSTIÇA DE 2ª ENTRÂNCIA;Rio Maria;Av. Vinte e dois, s/Nº. Bairro: Jardim Maringá (Ed. Fórum).;68.530-300;FÓRUM;(94) 3428-1094;-;8:00 as 14:00;mpriomaria@mppa.mp.br
PROMOTORIAS DE JUSTIÇA DE 2ª ENTRÂNCIA;Rondon do Pará;Alameda Moreira, S/Nº.Bairro: Centro (Ed. Fórum).;68.638-300;FÓRUM;(94) 3326-2777 (94) 3326-2404;-;8:00 as 14:00;mprondo@mppa.mp.br
PROMOTORIAS DE JUSTIÇA DE 2ª ENTRÂNCIA;Salinópolis;Av. João Pessoa, 1084-Bairro: Centro (Ed.Fórum).;68.721-300;FÓRUM;(91) 3423-3434 (91) 3423-4511;-;8:00 as 14:00;mpsalinas@mppa.mp.br/
 PROMOTORIAS DE JUSTIÇA DE 2ª ENTRÂNCIA;Santa Isabel do Pará;Rua Mestre Rocha, 1239-Bairro: Centro;68.790-300;ALUGADO;(91) 3744-1271;-;8:00 as 14:00;mpsantaisabeldopara@mppa.mp.br
PROMOTORIAS DE JUSTIÇA DE 2ª ENTRÂNCIA;Santa Isabel do Pará;Rua Valentim José Ferreira-1325, Bairro: Nova Brasília.;68.790-300;ALUGADO;(91) 3744-2701 (91) 3744-2582 (91) 98402-9727;-;8:00 as 14:00;-
PROMOTORIAS DE JUSTIÇA DE 2ª ENTRÂNCIA;Santana do Araguaia;Av. Gilberto Carvelli, lote 24, quadra 32-Bairro: Centro.;68.560-300;ALUGADO;(94) 3431-1498;-;8:00 as 14:00;mpsantanadoaraguaia@mppa.mp.br
 PROMOTORIAS DE JUSTIÇA DE 2ª ENTRÂNCIA;Santarém - Teatro Vitória;Travessa Senador Lemos, 60-Bairro: Conquista.;68.035-380;CEDIDO;(93) 3523-1088 (93) 3523-6545;-;8:00 as 14:00;mpsantarem@mppa.com.br
PROMOTORIAS DE JUSTIÇA DE 2ª ENTRÂNCIA;São Miguel do Guamá;Av. Nazaré, 530-Bairro: Olho D'Água (Ed. Fórum).;68.660-300;CEDIDO;(91) 3446-1317;-;8:00 as 14:00;mpsaomigueldoguama@mppa.mp.br
PROMOTORIAS DE JUSTIÇA DE 2ª ENTRÂNCIA;Soure;Primeira Rua, S/Nº- Bairro: Centro.;68.870-300;PRÓPRIO;(91) 3741-1515;-;8:00 as 14:00;mpsoure@mppa.mp.br
 PROMOTORIAS DE JUSTIÇA DE 2ª ENTRÂNCIA;Tomé-Açu;Avenida Três Poderes, S/Nº-Bairro: Centro (Ed. Fórum).;68.680-300;REGULARIZANDO;(91) 3727-1263 (91) 3727-1876;-;8:00 as 14:00;mptomeacu@mppa.mp.br
PROMOTORIAS DE JUSTIÇA DE 2ª ENTRÂNCIA;Tucumã;Av. dos Estados s/Nº - Centro.;68.385-300;REGULARIZANDO;(94) 3433-1424;-;8:00 as 14:00;mptucuma@mppa.mp.br
PROMOTORIAS DE JUSTIÇA DE 2ª ENTRÂNCIA;Tucuruí;Rua Dom Cornélio Vermans, 559- Bairro: Santa Izabel.;68.458-400;ALUGADO;(94) 3787-2094 (94) 3787-1356 (94) 3787-4497;-;8:00 as 14:00;mptucurui@mppa.mp.br
 PROMOTORIAS DE JUSTIÇA DE 2ª ENTRÂNCIA;Vigia de Nazaré;Rua Professora Noemia Belém, s/Nº - Centro;68.780-300;PRÓPRIO;(91) 3731-1297;-;8:00 as 14:00;mpvigia@mppa.mp.br
PROMOTORIAS DE JUSTIÇA DE 2ª ENTRÂNCIA;Viseu;Av. Lauro Sodré, 306-Bairro: Centro.;68.620-300;FÓRUM;(91) 3429-1448 (91) 3429- 1400;-;8:00 as 14:00;mpviseu@mppa.mp.br
PROMOTORIAS DE JUSTIÇA DE 2ª ENTRÂNCIA;Xinguara;Av. Xingu, 687-Bairro: Centro.;68.565-316;ALUGADO;(94) 3426-1649 (94) 3426-1624;-;8:00 as 14:00;mpxinguara@mppa.mp.br
 PROMOTORIAS DE JUSTIÇA DE AÇÕES CONSTITUCIONAIS E FAZENDA PÚBLICA;1º PJ/ Analista;Anexo I. Rua Ângelo Custódio, 35;66.023-390;REGULARIZANDO;(91) 3198-2777;-;8:00 as 14:00;mcorrea@mppa.mp.br
PROMOTORIAS DE JUSTIÇA DE AÇÕES CONSTITUCIONAIS E FAZENDA PÚBLICA;2º PJ;Anexo I. Rua Ângelo Custódio, 35;66.023-390;REGULARIZANDO;(91) 3198-2635;-;8:00 as 14:00;silvio@mppa.mp.br
PROMOTORIAS DE JUSTIÇA DE AÇÕES CONSTITUCIONAIS E FAZENDA PÚBLICA;3º PJ;Anexo I. Rua Ângelo Custódio, 35;66.023-390;REGULARIZANDO;(91) 3198-2654;-;8:00 as 14:00;oirama@mppa.mp.br
 PROMOTORIAS DE JUSTIÇA DE AÇÕES CONSTITUCIONAIS E FAZENDA PÚBLICA;4º PJ;Anexo I. Rua Ângelo Custódio, 35;66.023-390;REGULARIZANDO;(91) 3198-2658;-;8:00 as 14:00;agar@mppa.mp.br
PROMOTORIAS DE JUSTIÇA DE AÇÕES CONSTITUCIONAIS E FAZENDA PÚBLICA;5º PJ;Anexo I. Rua Ângelo Custódio, 35;66.023-390;REGULARIZANDO;(91) 3198-2657;-;8:00 as 14:00;rosangela@mppa.mp.br
PROMOTORIAS DE JUSTIÇA DE AÇÕES CONSTITUCIONAIS E FAZENDA PÚBLICA;Analista;Anexo I. Rua Ângelo Custódio, 35;66.023-390;REGULARIZANDO;(91) 3198-2590;-;8:00 as 14:00;-
 PROMOTORIAS DE JUSTIÇA DE AÇÕES CONSTITUCIONAIS E FAZENDA PÚBLICA;Analista;Anexo I. Rua Ângelo Custódio, 35;66.023-390;REGULARIZANDO;(91) 3198-2591;-;8:00 as 14:00;-
PROMOTORIAS DE JUSTIÇA DE AÇÕES CONSTITUCIONAIS E FAZENDA PÚBLICA;Analista;Anexo I. Rua Ângelo Custódio, 35;66.023-390;REGULARIZANDO;(91) 3198-2677;-;8:00 as 14:00;-
PROMOTORIAS DE JUSTIÇA DE AÇÕES CONSTITUCIONAIS E FAZENDA PÚBLICA;Apoio;Anexo I. Rua Ângelo Custódio, 35;66.023-390;REGULARIZANDO;(91) 3198-2637 (91) 3198-2775;-;8:00 as 14:00;-
 PROMOTORIAS DE JUSTIÇA DE AÇÕES CONSTITUCIONAIS E FAZENDA PÚBLICA;Chefia de Apoio;Anexo I. Rua Ângelo Custódio, 35;66.023-390;REGULARIZANDO;(91) 3198-2637;-;8:00 as 14:00;-
PROMOTORIAS DE JUSTIÇA DE AÇÕES CONSTITUCIONAIS E FAZENDA PÚBLICA;Promotor Substituto;Anexo I. Rua Ângelo Custódio, 35;66.023-390;REGULARIZANDO;(91) 3198-2659;-;8:00 as 14:00;-
PROMOTORIAS DE JUSTIÇA DE ATRIBUIÇÕES GERAIS;1º a 5º PJ e 7º a 10º PJ;Anexo II. Av.16 de novembro, 50;66.023-390;PRÓPRIO;(91) 3198-2547;-;8:00 as 14:00;angela@mppa.mp.br
 PROMOTORIAS DE JUSTIÇA DE ATRIBUIÇÕES GERAIS;6º PJ;Anexo II. Av.16 de novembro, 50;66.023-390;PRÓPRIO;(91) 3198-2632;-;8:00 as 14:00;andrea@mppa.mp.br
PROMOTORIAS DE JUSTIÇA DE ATRIBUIÇÕES GERAIS;Analista;Anexo II. Av.16 de novembro, 50;66.023-390;PRÓPRIO;(91) 3198-2791;-;8:00 as 14:00;-
PROMOTORIAS DE JUSTIÇA DE CASTANHAL(2ª ENTRÂNCIA);1º PJ Criminal;Av. Presidente Vargas, 2638. Centro.;68.745-970;PRÓPRIO;(91) 3412-6110;-;8:00 as 14:00;-
PROMOTORIAS DE JUSTIÇA DE CASTANHAL(2ª ENTRÂNCIA);2º PJ Criminal;Av. Presidente Vargas, 2638. Centro.;68.745-970;PRÓPRIO;(91) 3412-6126 (91) 3412-6112;-;8:00 as 14:00;-
 PROMOTORIAS DE JUSTIÇA DE CASTANHAL(2ª ENTRÂNCIA);3º PJ Criminal;Av. Presidente Vargas, 2638. Centro.;68.745-970;PRÓPRIO;(91) 3412-6104 (91) 3412-6124;-;8:00 as 14:00;-
PROMOTORIAS DE JUSTIÇA DE CASTANHAL(2ª ENTRÂNCIA);4º PJ Cível;Av. Presidente Vargas, 2638. Centro.;68.745-970;PRÓPRIO;(91) 3412-6105;-;8:00 as 14:00;-
PROMOTORIAS DE JUSTIÇA DE CASTANHAL(2ª ENTRÂNCIA);5º PJ Cível;Av. Presidente Vargas, 2638. Centro.;68.745-970;PRÓPRIO;(91) 3412-6127 (91) 3412-6103;-;8:00 as 14:00;-
PROMOTORIAS DE JUSTIÇA DE CASTANHAL(2ª ENTRÂNCIA);6º PJ Cível;Av. Presidente Vargas, 2638. Centro.;68.745-970;PRÓPRIO;(91) 3412-6119;-;8:00 as 14:00;-
 PROMOTORIAS DE JUSTIÇA DE CASTANHAL(2ª ENTRÂNCIA);7º PJ INFÂNCIA e Juventude/8º PJ Agrária;Rua Hernani Lameira,508.Centro;68.740-308;PRÓPRIO;(91) 3721-3780;-;8:00 as 14:00;-
PROMOTORIAS DE JUSTIÇA DE CASTANHAL(2ª ENTRÂNCIA);Cível;Av. Presidente Vargas, 2638. Centro.;68.745-970;PRÓPRIO;(91) 3412-6102;-;8:00 as 14:00;-
PROMOTORIAS DE JUSTIÇA DE CASTANHAL(2ª ENTRÂNCIA);Criminal;Av. Presidente Vargas, 2638. Centro.;68.745-970;PRÓPRIO;(91) 3412-6108;-;8:00 as 14:00;-
PROMOTORIAS DE JUSTIÇA DE CASTANHAL(2ª ENTRÂNCIA);Plantão - Coordenador;Av. Presidente Vargas, 2638. Centro.;68.745-970;PRÓPRIO;(91) 3412-6107;-;8:00 as 14:00;mpcastanhal@mppa.mp.br
 PROMOTORIAS DE JUSTIÇA DE CRIMES CONTRA ORDEM TRIBUTÁRIA;1º PJ/2º PJ;Av. Visconde de Souza Franco, 110. Reduto.;66053000;SEFA;(91) 3323-4343;-;8:00 as 14:00;lauzid@mppa.mp.br marcia@mppa.mp.br
PROMOTORIAS DE JUSTIÇA DE CRIMES CONTRA ORDEM TRIBUTÁRIA;Analista;Av. Visconde de Souza Franco, 110. Reduto.;66053000;SEFA;(91) 3323-4342;-;8:00 as 14:00;-
PROMOTORIAS DE JUSTIÇA DE CRIMES CONTRA ORDEM TRIBUTÁRIA;Apoio;Av. Visconde de Souza Franco, 110. Reduto.;66053000;SEFA;(91) 3323-4221;(91) 3241-7098;8:00 as 14:00;-
 PROMOTORIAS DE JUSTIÇA DE DEFESA COMUNITÁRIA E CIDADANIA;Coordenadoria das Promotorias de Justiça de Defesa Comunitária e Cidadania;Anexo I. Rua Ângelo Custódio, 35;66.023-390;REGULARIZANDO;(91)3198-2426;(91) 3252-4747;8:00 as 14:00;cpjdcc@mppa.mp.br
PROMOTORIAS DE JUSTIÇA DE DEFESA COMUNITÁRIA E CIDADANIA;Recepção;Anexo I. Rua Ângelo Custódio, 35;66.023-390;REGULARIZANDO;(91) 3198-2412 (91) 3198-2431;-;8:00 as 14:00;-
PROMOTORIAS DE JUSTIÇA DE DEFESA DAS PESSOAS COM DEFICIÊNCIA E DOS IDOSOS, E DE ACIDENTES DO TRABALHO - NIDE;1º PJ;Anexo I. Rua Ângelo Custódio, 35;66.023-390;REGULARIZANDO;(91) 3198-2408;-;8:00 as 14:00;macieira@mppa.mp.br
 PROMOTORIAS DE JUSTIÇA DE DEFESA DAS PESSOAS COM DEFICIÊNCIA E DOS IDOSOS, E DE ACIDENTES DO TRABALHO - NIDE;2º PJ;Anexo I. Rua Ângelo Custódio, 35;66.023-390;REGULARIZANDO;(91) 3198-2420;-;8:00 as 14:00;adriana@mppa.mp.br
PROMOTORIAS DE JUSTIÇA DE DEFESA DAS PESSOAS COM DEFICIÊNCIA E DOS IDOSOS, E DE ACIDENTES DO TRABALHO - NIDE;Apoio;Anexo I. Rua Ângelo Custódio, 35;66.023-390;REGULARIZANDO;(91) 3198-2410;-;8:00 as 14:00;-
PROMOTORIAS DE JUSTIÇA DE DEFESA DAS PESSOAS COM DEFICIÊNCIA E DOS IDOSOS, E DE ACIDENTES DO TRABALHO - NIDE;Apoio;Anexo I. Rua Ângelo Custódio, 35;66.023-390;REGULARIZANDO;(91) 3198-2502;-;8:00 as 14:00;-
 PROMOTORIAS DE JUSTIÇA DE DEFESA DAS PESSOAS COM DEFICIÊNCIA E DOS IDOSOS, E DE ACIDENTES DO TRABALHO - NIDE;Assistente Social;Anexo I. Rua Ângelo Custódio, 35;66.023-390;REGULARIZANDO;(91) 3198-2524;-;8:00 as 14:00;-
PROMOTORIAS DE JUSTIÇA DE DEFESA DAS PESSOAS COM DEFICIÊNCIA E DOS IDOSOS, E DE ACIDENTES DO TRABALHO - NIDE;Psicólogos;Anexo I. Rua Ângelo Custódio, 35;66.023-390;REGULARIZANDO;(91) 3198-2530 (91) 3198-2466;-;8:00 as 14:00;-
PROMOTORIAS DE JUSTIÇA DE DEFESA DO CIDADÃO E DA COMUNIDADE;1º PJ;Anexo I. Rua Ângelo Custódio, 36, Cidade Velha;66095110;REGULARIZANDO;(91) 3198-2428;-;8:00 as 14:00;firmino@mppa.mp.br
 PROMOTORIAS DE JUSTIÇA DE DEFESA DO CIDADÃO E DA COMUNIDADE;Apoio;Anexo I. Rua Ângelo Custódio, 36, Cidade Velha;66095110;REGULARIZANDO;(91) 3198-2685;-;8:00 as 14:00;-
PROMOTORIAS DE JUSTIÇA DE DEFESA DO PATRIMÔNIO PÚBLICO E DA MORALIDADE ADMINISTRATIVA;1º PJ;Anexo I. Rua Ângelo Custódio, 35;66.023-390;REGULARIZANDO;(91) 3198-2671;-;8:00 as 14:00;Hamilton@mppa.mp.br
PROMOTORIAS DE JUSTIÇA DE DEFESA DO PATRIMÔNIO PÚBLICO E DA MORALIDADE ADMINISTRATIVA;2º PJ;Anexo I. Rua Ângelo Custódio, 35;66.023-390;REGULARIZANDO;(91) 3198-2655;-;8:00 as 14:00;helena@mppa.mp.br
 PROMOTORIAS DE JUSTIÇA DE DEFESA DO PATRIMÔNIO PÚBLICO E DA MORALIDADE ADMINISTRATIVA;3º PJ;Anexo I. Rua Ângelo Custódio, 35;66.023-390;REGULARIZANDO;(91) 3198-2653;-;8:00 as 14:00;campos@mppa.mp.br
PROMOTORIAS DE JUSTIÇA DE DEFESA DO PATRIMÔNIO PÚBLICO E DA MORALIDADE ADMINISTRATIVA;4º PJ;Anexo I. Rua Ângelo Custódio, 35;66.023-390;REGULARIZANDO;(91) 3198-2652;-;8:00 as 14:00;-
PROMOTORIAS DE JUSTIÇA DE DEFESA DO PATRIMÔNIO PÚBLICO E DA MORALIDADE ADMINISTRATIVA;5º PJ;Anexo I. Rua Ângelo Custódio, 35;66.023-390;REGULARIZANDO;(91) 3198-2439;-;8:00 as 14:00;elaine@mppa.mp.br
 PROMOTORIAS DE JUSTIÇA DE DEFESA DO PATRIMÔNIO PÚBLICO E DA MORALIDADE ADMINISTRATIVA;6º PJ;Anexo I. Rua Ângelo Custódio, 35;66.023-390;REGULARIZANDO;(91) 3198-2651;-;8:00 as 14:00;arodrigues@mppa.mp.br
PROMOTORIAS DE JUSTIÇA DE DEFESA DO PATRIMÔNIO PÚBLICO E DA MORALIDADE ADMINISTRATIVA;Apoio;Anexo I. Rua Ângelo Custódio, 35;66.023-390;REGULARIZANDO;(91) 3198-2629 (91) 3198-2636 (91) 3198-2678;-;8:00 as 14:00;campos@mppa.mp.br
PROMOTORIAS DE JUSTIÇA DE DEFESA DO PATRIMÔNIO PÚBLICO E DA MORALIDADE ADMINISTRATIVA;Auditório;Anexo I. Rua Ângelo Custódio, 35;66.023-390;REGULARIZANDO;(91) 3198-2771;-;8:00 as 14:00;-
 PROMOTORIAS DE JUSTIÇA DE DEFESA DO PATRIMÔNIO PÚBLICO E DA MORALIDADE ADMINISTRATIVA;Chefia de Apoio;Anexo I. Rua Ângelo Custódio, 35;66.023-390;REGULARIZANDO;(91) 3198-2681;-;8:00 as 14:00;-
PROMOTORIAS DE JUSTIÇA DE DEFESA DO PATRIMÔNIO PÚBLICO E DA MORALIDADE ADMINISTRATIVA;Coordenadoria das Promotorias de Justiça de Defesa do PATRIMÔNIO PÚBLICO e da Moralidade Administrativa;Anexo I. Rua Ângelo Custódio, 35;66.023-390;REGULARIZANDO;(91) 3198-2681;(91) 3198-2658;8:00 as 14:00;coordpjacfp@mppa.mp.br
 PROMOTORIAS DE JUSTIÇA DE DEFESA DO PATRIMÔNIO PÚBLICO E DA MORALIDADE ADMINISTRATIVA;Pedagogo;Anexo I. Rua Ângelo Custódio, 35;66.023-390;REGULARIZANDO;(91) 3198-2773;-;8:00 as 14:00;-
PROMOTORIAS DE JUSTIÇA DE DEFESA DO PATRIMÔNIO PÚBLICO E DA MORALIDADE ADMINISTRATIVA;Recepção;Anexo I. Rua Ângelo Custódio, 35;66.023-390;REGULARIZANDO;(91) 3198-2779;-;8:00 as 14:00;-
PROMOTORIAS DE JUSTIÇA DE DEFESA DO PATRIMÔNIO PÚBLICO E DA MORALIDADE ADMINISTRATIVA;Secretaria;Anexo I. Rua Ângelo Custódio, 35;66.023-390;REGULARIZANDO;(91) 3198-2639;-;8:00 as 14:00;-
 PROMOTORIAS DE JUSTIÇA DE DIREITOS CONSTITUCIONAIS FUNDAMENTAIS E DOS DIREITOS HUMANOS;1º PJ;Anexo I. Rua Ângelo Custódio, 35;66.023-390;REGULARIZANDO;(91) 3198-2656;-;8:00 as 14:00;gracas@mppa.mp.br
PROMOTORIAS DE JUSTIÇA DE DIREITOS CONSTITUCIONAIS FUNDAMENTAIS E DOS DIREITOS HUMANOS;2º PJ;Anexo I. Rua Ângelo Custódio, 35;66.023-390;REGULARIZANDO;(91) 3198-2650;-;8:00 as 14:00;suelyregina@mppa.mp.br
PROMOTORIAS DE JUSTIÇA DE DIREITOS CONSTITUCIONAIS FUNDAMENTAIS E DOS DIREITOS HUMANOS;3º PJ;Anexo I. Rua Ângelo Custódio, 35;66.023-390;REGULARIZANDO;(91) 3198-2542;-;8:00 as 14:00;fabia@mppa.mp.br
 PROMOTORIAS DE JUSTIÇA DE DIREITOS CONSTITUCIONAIS FUNDAMENTAIS E DOS DIREITOS HUMANOS;4º PJ;Anexo I. Rua Ângelo Custódio, 35;66.023-390;REGULARIZANDO;(91) 3198-2414;-;8:00 as 14:00;mpenha@mppa.mp.br
PROMOTORIAS DE JUSTIÇA DE DIREITOS CONSTITUCIONAIS FUNDAMENTAIS, DEFESA DO PATRIMÔNIO PÚBLICO E DA MORALIDADE ADMINISTRATIVA;Coordenadoria das Promotorias de Justiça de Direitos Constitucionais Fundamentais, Defesa do PATRIMÔNIO PÚBLICO e da Moralidade Administrativa;Anexo I. Rua Ângelo Custódio, 35;66.023-390;REGULARIZANDO;(91) 3198-2681 (91) 3198-2639;-;8:00 as 14:00;pjdcpp@mppa.mp.br
 PROMOTORIAS DE JUSTIÇA DE DIREITOS CONSTITUCIONAIS FUNDAMENTAIS, DEFESA DO PATRIMÔNIO PÚBLICO E DA MORALIDADE ADMINISTRATIVA;Direitos Fundamentais;Anexo I. Rua Ângelo Custódio, 35;66.023-390;REGULARIZANDO;(91) 3198-2638;-;8:00 as 14:00;-
PROMOTORIAS DE JUSTIÇA DE DIREITOS CONSTITUCIONAIS FUNDAMENTAIS, DEFESA DO PATRIMÔNIO PÚBLICO E DA MORALIDADE ADMINISTRATIVA;Improbidade Administrativa;Anexo I. Rua Ângelo Custódio, 35;66.023-390;REGULARIZANDO;(91) 3198-2636;-;8:00 as 14:00;-
PROMOTORIAS DE JUSTIÇA DE DIREITOS HUMANOS E CONTROLE EXTERNO DA ATIVIDADE POLICIAL;1º PJ;Anexo II. Av.16 de novembro, 50;66.023-220;PRÓPRIO;(91) 3198-2567;-;8:00 as 14:00;alcenildo@mppa.mp.br
 PROMOTORIAS DE JUSTIÇA DE DIREITOS HUMANOS E CONTROLE EXTERNO DA ATIVIDADE POLICIAL;2º PJ;Anexo II. Av.16 de novembro, 50;66.023-220;PRÓPRIO;(91) 3198-2604;-;8:00 as 14:00;cypriano@mppa.mp.br
PROMOTORIAS DE JUSTIÇA DE DIREITOS HUMANOS E CONTROLE EXTERNO DA ATIVIDADE POLICIAL;3º PJ;Anexo II. Av.16 de novembro, 50;66.023-220;PRÓPRIO;(91) 3198-2670;-;8:00 as 14:00;cstilianidi@mppa.mp.br
PROMOTORIAS DE JUSTIÇA DE DIREITOS HUMANOS E CONTROLE EXTERNO DA ATIVIDADE POLICIAL;4º PJ;Anexo II. Av.16 de novembro, 50;66.023-220;PRÓPRIO;(91) 3198-2592;-;8:00 as 14:00;ivanilson@mppa.mp.br
 PROMOTORIAS DE JUSTIÇA DE DIREITOS HUMANOS E CONTROLE EXTERNO DA ATIVIDADE POLICIAL;Analista;Anexo II. Av.16 de novembro, 50;66.023-220;PRÓPRIO;(91) 3198-2540;-;8:00 as 14:00;-
PROMOTORIAS DE JUSTIÇA DE DIREITOS HUMANOS E CONTROLE EXTERNO DA ATIVIDADE POLICIAL;Analista;Anexo II. Av.16 de novembro, 50;66.023-220;PRÓPRIO;(91) 3198-2593;-;8:00 as 14:00;-
PROMOTORIAS DE JUSTIÇA DE DIREITOS HUMANOS E CONTROLE EXTERNO DA ATIVIDADE POLICIAL;Analista;Anexo II. Av.16 de novembro, 50;66.023-220;PRÓPRIO;(91) 3198-2621;-;8:00 as 14:00;-
 PROMOTORIAS DE JUSTIÇA DE DIREITOS HUMANOS E CONTROLE EXTERNO DA ATIVIDADE POLICIAL;Analista;Anexo II. Av.16 de novembro, 50;66.023-220;PRÓPRIO;(91)3198-2541;-;8:00 as 14:00;-
PROMOTORIAS DE JUSTIÇA DE DIREITOS HUMANOS E CONTROLE EXTERNO DA ATIVIDADE POLICIAL;Apoio;Anexo II. Av.16 de novembro, 50;66.023-220;PRÓPRIO;(91) 3198-2549 (91) 3198-2556;-;8:00 as 14:00;pjcea@mppa.mp.br
PROMOTORIAS DE JUSTIÇA DE ENTORPECENTES;1º PJ;Anexo II. Av.16 de novembro, 50;66.023-220;PRÓPRIO;(91) 3198-2615;-;8:00 as 14:00;anete@mppa.mp.br
 PROMOTORIAS DE JUSTIÇA DE ENTORPECENTES;2º PJ;Anexo II. Av.16 de novembro, 50;66.023-220;PRÓPRIO;(91) 3198-2407;-;8:00 as 14:00;aldir@mppa.mp.br
PROMOTORIAS DE JUSTIÇA DE ENTORPECENTES;Analista;Anexo II. Av.16 de novembro, 50;66.023-220;PRÓPRIO;(91) 3198-2573;-;8:00 as 14:00;-
PROMOTORIAS DE JUSTIÇA DE ENTORPECENTES;Analista;Anexo II. Av.16 de novembro, 50;66.023-220;PRÓPRIO;(91) 3198-2769;-;8:00 as 14:00;-
PROMOTORIAS DE JUSTIÇA DE ENTORPECENTES;Apoio;Anexo II. Av.16 de novembro, 50;66.023-220;PRÓPRIO;(91) 3198-2537;-;8:00 as 14:00;-
 PROMOTORIAS DE JUSTIÇA DE ENTORPECENTES;Apoio;Anexo II. Av.16 de novembro, 50;66.023-220;PRÓPRIO;(91) 3198-2616;-;8:00 as 14:00;-
PROMOTORIAS DE JUSTIÇA DE EXECUÇÕES PENAIS, PENAS E MEDIDAS ALTERNATIVAS;1º PJ;Anexo II. Av.16 de novembro, 50;66.023-220;PRÓPRIO;(91) 3198-2625;-;8:00 as 14:00;rossy@mppa.mp.br
PROMOTORIAS DE JUSTIÇA DE EXECUÇÕES PENAIS, PENAS E MEDIDAS ALTERNATIVAS;2º PJ;Anexo II. Av.16 de novembro, 50;66.023-220;PRÓPRIO;(91) 3198-2610;-;8:00 as 14:00;-
PROMOTORIAS DE JUSTIÇA DE EXECUÇÕES PENAIS, PENAS E MEDIDAS ALTERNATIVAS;3º PJ;Anexo II. Av.16 de novembro, 50;66.023-220;PRÓPRIO;(91) 3198-2628;-;8:00 as 14:00;brandao@mppa.mp.br
 PROMOTORIAS DE JUSTIÇA DE EXECUÇÕES PENAIS, PENAS E MEDIDAS ALTERNATIVAS;4º PJ;Anexo II. Av.16 de novembro, 50;66.023-220;PRÓPRIO;(91) 3198-2406;-;8:00 as 14:00;samir@mppa.mp.br
PROMOTORIAS DE JUSTIÇA DE EXECUÇÕES PENAIS, PENAS E MEDIDAS ALTERNATIVAS;5º PJ;Anexo II. Av.16 de novembro, 50;66.023-220;PRÓPRIO;(91) 3198-2620;-;8:00 as 14:00;ociralva@mppa.mp.br
PROMOTORIAS DE JUSTIÇA DE EXECUÇÕES PENAIS, PENAS E MEDIDAS ALTERNATIVAS;Analista;Anexo II. Av.16 de novembro, 50;66.023-220;PRÓPRIO;(91) 3198-574;-;8:00 as 14:00;-
 PROMOTORIAS DE JUSTIÇA DE EXECUÇÕES PENAIS, PENAS E MEDIDAS ALTERNATIVAS;Analista;Anexo II. Av.16 de novembro, 50;66.023-220;PRÓPRIO;(91) 3198-2572;-;8:00 as 14:00;-
PROMOTORIAS DE JUSTIÇA DE EXECUÇÕES PENAIS, PENAS E MEDIDAS ALTERNATIVAS;Analista;Anexo II. Av.16 de novembro, 50;66.023-220;PRÓPRIO;(91) 3198-2763;-;8:00 as 14:00;-
PROMOTORIAS DE JUSTIÇA DE EXECUÇÕES PENAIS, PENAS E MEDIDAS ALTERNATIVAS;Analista;Anexo II. Av.16 de novembro, 50;66.023-220;PRÓPRIO;(91) 3198-2767;-;8:00 as 14:00;-
PROMOTORIAS DE JUSTIÇA DE EXECUÇÕES PENAIS, PENAS E MEDIDAS ALTERNATIVAS;Analista;Anexo II. Av.16 de novembro, 50;66.023-220;PRÓPRIO;(91) 3198-2795;-;8:00 as 14:00;-
 PROMOTORIAS DE JUSTIÇA DE EXECUÇÕES PENAIS, PENAS E MEDIDAS ALTERNATIVAS;Apoio;Anexo II. Av.16 de novembro, 50;66.023-220;PRÓPRIO;(91) 3198-2535;-;8:00 as 14:00;-
PROMOTORIAS DE JUSTIÇA DE EXECUÇÕES PENAIS, PENAS E MEDIDAS ALTERNATIVAS;Apoio;Anexo II. Av.16 de novembro, 50;66.023-220;PRÓPRIO;(91) 3198-2616;-;8:00 as 14:00;-
PROMOTORIAS DE JUSTIÇA DE EXECUÇÕES PENAIS, PENAS E MEDIDAS ALTERNATIVAS;Apoio;Anexo II. Av.16 de novembro, 50;66.023-220;PRÓPRIO;(91) 3198-2617;-;8:00 as 14:00;-
PROMOTORIAS DE JUSTIÇA DE FAMÍLIA;1º PJ;Anexo I. Rua Ângelo Custódio, 35;66.023-390;REGULARIZANDO;(91) 3198-2453;-;8:00 as 14:00;veral@mppa.mp.br
 PROMOTORIAS DE JUSTIÇA DE FAMÍLIA;2º PJ;Anexo I. Rua Ângelo Custódio, 35;66.023-390;REGULARIZANDO;(91) 3198-2578;-;8:00 as 14:00;eliezer@mppa.mp.br
PROMOTORIAS DE JUSTIÇA DE FAMÍLIA;3º PJ;Anexo I. Rua Ângelo Custódio, 35;66.023-390;REGULARIZANDO;(91) 3198-2452;-;8:00 as 14:00;ivelise@mppa.mp.br
PROMOTORIAS DE JUSTIÇA DE FAMÍLIA;4º PJ/Apoio;Anexo I. Rua Ângelo Custódio, 35;66.023-390;REGULARIZANDO;(91) 3198-2457;-;8:00 as 14:00;satomi@mppa.mp.br
PROMOTORIAS DE JUSTIÇA DE FAMÍLIA;5º PJ;Anexo I. Rua Ângelo Custódio, 35;66.023-390;REGULARIZANDO;(91) 3198-2538;-;8:00 as 14:00;alexandre@mppa.mp.br
 PROMOTORIAS DE JUSTIÇA DE FAMÍLIA;6º PJ;Anexo I. Rua Ângelo Custódio, 35;66.023-390;REGULARIZANDO;(91) 3198-2405;-;8:00 as 14:00;claudomiro@mppa.mp.br
PROMOTORIAS DE JUSTIÇA DE FAMÍLIA;7º PJ;Anexo I. Rua Ângelo Custódio, 35;66.023-390;REGULARIZANDO;(91) 3198-2421;-;8:00 as 14:00;abbade@mppa.mp.br
PROMOTORIAS DE JUSTIÇA DE FAMÍLIA;8º PJ;Anexo I. Rua Ângelo Custódio, 35;66.023-390;REGULARIZANDO;(91) 3198-2446;-;8:00 as 14:00;albertino@mppa.mp.br
PROMOTORIAS DE JUSTIÇA DE FAMÍLIA;9º PJ;Anexo I. Rua Ângelo Custódio, 35;66.023-390;REGULARIZANDO;(91) 3198-2440;-;8:00 as 14:00;msantos@mppa.mp.br
 PROMOTORIAS DE JUSTIÇA DE FAMÍLIA;10º PJ;Anexo I. Rua Ângelo Custódio, 35;66.023-390;REGULARIZANDO;(91) 3198-2438;-;8:00 as 14:00;maia@mppa.mp.br
PROMOTORIAS DE JUSTIÇA DE FAMÍLIA;Apoio;Anexo I. Rua Ângelo Custódio, 35;66.023-390;REGULARIZANDO;(91) 3198-2451 (91) 3198-2488;-;8:00 as 14:00;-
PROMOTORIAS DE JUSTIÇA DE FAMÍLIA;Apoio;Anexo I. Rua Ângelo Custódio, 35;66.023-390;REGULARIZANDO;(91) 3198-2455;-;8:00 as 14:00;-
PROMOTORIAS DE JUSTIÇA DE FAMÍLIA;Apoio;Anexo I. Rua Ângelo Custódio, 35;66.023-390;REGULARIZANDO;(91) 3198-2458;-;8:00 as 14:00;-
 PROMOTORIAS DE JUSTIÇA DE FAMÍLIA;Apoio;Anexo I. Rua Ângelo Custódio, 35;66.023-390;REGULARIZANDO;(91) 3198-2459;-;8:00 as 14:00;-
PROMOTORIAS DE JUSTIÇA DE FAMÍLIA;Apoio;Anexo I. Rua Ângelo Custódio, 35;66.023-390;REGULARIZANDO;(91) 3198-2577;-;8:00 as 14:00;-
PROMOTORIAS DE JUSTIÇA DE FAMÍLIA;Apoio;Anexo I. Rua Ângelo Custódio, 35;66.023-390;REGULARIZANDO;(91) 3198-2579;-;8:00 as 14:00;-
PROMOTORIAS DE JUSTIÇA DE FAMÍLIA;Apoio;Anexo I. Rua Ângelo Custódio, 35;66.023-390;REGULARIZANDO;(91) 3198-2580;-;8:00 as 14:00;-
 PROMOTORIAS DE JUSTIÇA DE FAMÍLIA;Apoio;Anexo I. Rua Ângelo Custódio, 35;66.023-390;REGULARIZANDO;(91) 3198-2587;-;8:00 as 14:00;-
PROMOTORIAS DE JUSTIÇA DE FAMÍLIA;Apoio;Anexo I. Rua Ângelo Custódio, 35;66.023-390;REGULARIZANDO;(91) 3198-2633;-;8:00 as 14:00;-
PROMOTORIAS DE JUSTIÇA DE FUNDAÇÕES PRIVADAS, ASSOCIAÇÕES DE INTERESSE SOCIAL, FALÊNCIA E RECUPERAÇÃO JUDICIAL E EXTRAJUDICIAL;1º PJ;Av.Dr Freitas, 2513 - Marco;66.095-110;CEDIDO;(91) 3182-2312;-;8:00 as 14:00;savio@mppa.mp.br
PROMOTORIAS DE JUSTIÇA DE FUNDAÇÕES PRIVADAS, ASSOCIAÇÕES DE INTERESSE SOCIAL, FALÊNCIA E RECUPERAÇÃO JUDICIAL E EXTRAJUDICIAL;2º PJ;Av.Dr Freitas, 2513 - Marco;66.095-110;CEDIDO;(91) 3182-2311;-;8:00 as 14:00;helena@mppa.mp.br
 PROMOTORIAS DE JUSTIÇA DE FUNDAÇÕES PRIVADAS, ASSOCIAÇÕES DE INTERESSE SOCIAL, FALÊNCIA E RECUPERAÇÃO JUDICIAL E EXTRAJUDICIAL;Apoio;Av.Dr Freitas, 2513 - Marco;66.095-110;CEDIDO;(91) 3182-2303 (91) 3182-2313;-;8:00 as 14:00;-
PROMOTORIAS DE JUSTIÇA DE FUNDAÇÕES PRIVADAS, ASSOCIAÇÕES DE INTERESSE SOCIAL, FALÊNCIA E RECUPERAÇÃO JUDICIAL E EXTRAJUDICIAL;Apoio;Av.Dr Freitas, 2513 - Marco;66.095-110;CEDIDO;(91) 3182-2305 (91) 3182-2307 (91) 9182-2316;-;8:00 as 14:00;-
PROMOTORIAS DE JUSTIÇA DE FUNDAÇÕES PRIVADAS, ASSOCIAÇÕES DE INTERESSE SOCIAL, FALÊNCIA E RECUPERAÇÃO JUDICIAL E EXTRAJUDICIAL;Apoio Administrativo;Av.Dr Freitas, 2513 - Marco;66.095-110;CEDIDO;(91) 3182-2307 (91) 3182-2305;-;8:00 as 14:00;-
 PROMOTORIAS DE JUSTIÇA DE FUNDAÇÕES PRIVADAS, ASSOCIAÇÕES DE INTERESSE SOCIAL, FALÊNCIA E RECUPERAÇÃO JUDICIAL E EXTRAJUDICIAL;Copa;Av.Dr Freitas, 2513 - Marco;66.095-110;CEDIDO;(91) 3182-2330;-;8:00 as 14:00;-
PROMOTORIAS DE JUSTIÇA DE FUNDAÇÕES PRIVADAS, ASSOCIAÇÕES DE INTERESSE SOCIAL, FALÊNCIA E RECUPERAÇÃO JUDICIAL E EXTRAJUDICIAL;Sala de Reunião;Av.Dr Freitas, 2513 - Marco;66.095-110;CEDIDO;(91) 3182-2304;-;8:00 as 14:00;-
PROMOTORIAS DE JUSTIÇA DE FUNDAÇÕES PRIVADAS, ASSOCIAÇÕES DE INTERESSE SOCIAL, FALÊNCIA E RECUPERAÇÃO JUDICIAL E EXTRAJUDICIAL;Sala dos Oficiais;Av.Dr Freitas, 2513 - Marco;66.095-110;CEDIDO;(91) 3182-2316;-;8:00 as 14:00;-
 PROMOTORIAS DE JUSTIÇA DE FUNDAÇÕES PRIVADAS, ASSOCIAÇÕES DE INTERESSE SOCIAL, FALÊNCIA E RECUPERAÇÃO JUDICIAL E EXTRAJUDICIAL;Setor Contábil;Av.Dr Freitas, 2513 - Marco;66.095-110;CEDIDO;(91) 3182-2310 (91) 3182-2316;-;8:00 as 14:00;-
PROMOTORIAS DE JUSTIÇA DE ICOARACI;1º PJ Cível;Av. Manoel Barata, 1289. Ponta Grossa.;66.810-971;PRÓPRIO;(91) 3218-7712;-;8:00 as 14:00;-
PROMOTORIAS DE JUSTIÇA DE ICOARACI;1º PJ Criminal;Av. Manoel Barata, 1289. Ponta Grossa.;66.810-971;PRÓPRIO;(91) 3218-7742;-;8:00 as 14:00;-
 PROMOTORIAS DE JUSTIÇA DE ICOARACI;2º PJ Cível;Av. Manoel Barata, 1289. Ponta Grossa.;66.810-971;PRÓPRIO;(91) 3218-7709;-;8:00 as 14:00;-
PROMOTORIAS DE JUSTIÇA DE ICOARACI;2º PJ Criminal;Av. Manoel Barata, 1289. Ponta Grossa.;66.